,index,행정동코드,자치구,행정동,충전접근성,충전수요,충전접근성순위_R,충전수요순위,종합입지순위
0,7,1168060000,강남구,대치1동,33.90278009370291,79.53317401663648,8,1,1
1,9,1168063000,강남구,대치4동,34.47748375440561,28.835170260255133,10,5,2
2,14,1165065100,서초구,양재1동,36.25986986120324,36.35438350452478,15,2,3
3,22,1153052000,구로구,구로1동,37.7875429151394,26.489166276118308,23,8,4
4,3,1174056000,강동구,고덕2동,30.198335719803165,9.990739216872871,4,45,5
5,5,1135063000,노원구,상계1동,32.34642146211663,9.213527237099672,6,55,6
6,23,1144056500,마포구,공덕동,37.9317304692217,10.153397712097886,24,41,7
7,49,1144066000,마포구,서교동,39.625509179391486,14.17298196726933,50,19,8
8,38,1159063000,동작구,사당2동,39.047683572811124,11.055731901163202,39,31,9
9,42,1150064000,강서구,방화2동,39.22962342629679,10.77029700955212,43,35,10
10,0,1150062000,강서구,공항동,20.94004472075232,7.803006858975074,1,88,11
11,61,1168067000,강남구,개포2동,40.52801397818658,10.676648933756827,62,36,12
12,8,1171067000,송파구,잠실2동,34.07960578490065,7.634557020168371,9,90,13
13,84,1144074000,마포구,상암동,41.12423158173605,14.240734034531647,85,17,14
14,51,1171068000,송파구,잠실3동,39.81068813100187,9.072312876802084,52,60,15
15,90,1168059000,강남구,삼성2동,41.234159607469905,11.675814514992034,91,27,16
16,21,1153053000,구로구,구로2동,37.53156193260539,7.491989237808198,22,97,17
17,81,1141056500,서대문구,충현동,41.05952963222113,10.085829500636502,82,43,18
18,13,1174055000,강동구,고덕1동,36.16883316285595,6.749450060098836,14,119,19
19,28,1135060000,노원구,공릉2동,38.11895011691655,6.965934169618023,29,110,20
20,65,1117063000,용산구,이촌1동,40.59822134879178,8.211122582569933,66,73,21
21,68,1150053500,강서구,등촌3동,40.62240242171979,8.144589648947573,69,76,22
22,100,1123065000,동대문구,장안1동,41.63642174299596,9.451447280107613,101,53,23
23,55,1144065500,마포구,서강동,40.02249766425342,7.286364628446843,56,101,24
24,52,1171057000,송파구,오금동,39.88582571369372,7.248950306112423,53,104,25
25,41,1150061500,강서구,우장산동,39.16063710417299,6.717130462981272,42,122,26
26,12,1168066000,강남구,개포1동,35.71685486291204,6.132698426961106,13,152,27
27,88,1150051000,강서구,염창동,41.20556225334178,8.059503594064392,89,79,28
28,54,1141061500,서대문구,연희동,39.981848136467505,6.9200673748105785,55,114,29
29,87,1123066000,동대문구,장안2동,41.191535646097385,7.928934263573854,88,83,30
30,30,1135058000,노원구,월계3동,38.496709263785014,6.301058117922972,31,141,31
31,66,1159062000,동작구,사당1동,40.610828390013594,7.148769629309842,67,107,32
32,74,1135059500,노원구,공릉1동,40.75252474454964,7.260348396833933,75,102,33
33,34,1159051000,동작구,노량진1동,38.70289426549124,6.289272266830379,35,143,34
34,29,1138062500,은평구,역촌동,38.38399386036742,6.1759278346057345,30,149,35
35,164,1168065000,강남구,역삼2동,42.98202959513701,14.503517470886903,165,16,36
36,17,1159065100,동작구,사당5동,36.80454780687103,5.813936407417327,18,172,37
37,183,1153055000,구로구,구로4동,43.320190827798314,26.63786883669349,184,7,38
38,141,1174052500,강동구,상일제1동,42.58264822728823,9.455669171406988,142,52,39
39,2,1135066500,노원구,상계3.4동,30.043774776508464,5.204690245928066,3,198,40
40,48,1168072000,강남구,일원본동,39.564941278111434,6.101567919053834,49,155,41
41,146,1159066000,동작구,대방동,42.630535765508235,9.180446873000042,147,58,42
42,85,1144068000,마포구,합정동,41.174918058987046,6.652402278217072,86,123,43
43,39,1153074000,구로구,개봉1동,39.09745006805089,5.817076265978352,40,171,44
44,18,1129081000,성북구,석관동,36.840484632003985,5.287953165167853,19,195,45
45,86,1129070500,성북구,종암동,41.18472717229879,6.587571205358489,87,128,46
46,89,1144063000,마포구,신수동,41.21031261696515,6.61375552838483,90,127,47
47,76,1147061100,양천구,신월7동,40.90723066623259,6.345905369827484,77,140,48
48,27,1126059000,중랑구,상봉2동,38.101988356666936,5.45624844465054,28,191,49
49,73,1159052000,동작구,노량진2동,40.73908791870734,6.252174278340354,74,145,50
50,1,1130561500,강북구,수유1동,21.765419243438053,4.899409890061049,2,218,51
51,53,1130560800,강북구,번3동,39.935936166153695,5.825053225568295,54,170,52
52,109,1129066000,성북구,길음1동,41.831350579210806,6.758693106462017,110,118,53
53,96,1153078000,구로구,오류2동,41.5177504257087,6.465384613792989,97,134,54
54,37,1174058000,강동구,암사2동,38.84855870144821,5.195348926028791,38,199,55
55,15,1162063000,관악구,남현동,36.46574616270529,4.791704520512827,16,223,56
56,172,1147064000,양천구,신정3동,43.096726630102054,8.593726436974322,173,67,57
57,59,1144070000,마포구,망원2동,40.361867752468115,5.662597309599378,60,183,58
58,132,1171056200,송파구,방이2동,42.2736387915314,6.952861747093478,133,111,59
59,154,1165066000,서초구,내곡동,42.713928343242955,7.619327792003272,155,91,60
60,24,1126066000,중랑구,망우3동,37.96019565973999,4.757946849498511,25,226,61
61,145,1150054000,강서구,화곡1동,42.62561442596256,7.20162310686665,146,105,62
62,221,1120065000,성동구,성수1가1동,43.85584591781985,11.059981763869517,222,30,63
63,97,1174070000,강동구,둔촌2동,41.58397441782734,6.129758124437677,98,154,64
64,195,1159060500,동작구,흑석동,43.47634504435799,9.20000345666769,196,56,65
65,26,1165058000,서초구,반포3동,38.052789271802254,4.740846878537855,27,228,66
66,185,1123056000,동대문구,전농1동,43.358461762082484,8.40524861660147,186,71,67
67,40,1129064000,성북구,정릉3동,39.12572320744282,4.9601540494125445,41,216,68
68,167,1159054000,동작구,상도2동,43.029088325595794,7.777300179446671,168,89,69
69,20,1138052000,은평구,불광1동,37.513604182833234,4.594861782769161,21,241,70
70,112,1138057000,은평구,대조동,41.89135197006283,6.132378614098093,113,153,71
71,50,1129076000,성북구,장위1동,39.73936902867861,4.9286932690346275,51,217,72
72,133,1174066000,강동구,성내3동,42.278319485851576,6.377644542707885,134,135,73
73,134,1174057000,강동구,암사1동,42.28887392743753,6.361166914688562,135,137,74
74,246,1168053100,강남구,논현2동,44.19964085052955,12.150338980004834,247,25,75
75,47,1162076500,관악구,미성동,39.51884456409523,4.780492662097277,48,224,76
76,225,1159053000,동작구,상도1동,43.91408865675579,9.60674013509204,226,50,77
77,118,1159055000,동작구,상도3동,41.98833889030844,6.063489503391368,119,157,78
78,150,1144072000,마포구,성산1동,42.682772457269586,6.630226266732933,151,126,79
79,114,1120056000,성동구,행당1동,41.92328457251176,5.955214942913681,115,163,80
80,147,1154567000,금천구,시흥1동,42.65306910549671,6.523836379553301,148,130,81
81,43,1156051500,영등포구,영등포본동,39.40285804303421,4.651562946175725,44,237,82
82,6,1111056000,종로구,평창동,32.52835699601185,4.265143553032454,7,279,83
83,189,1171062000,송파구,가락본동,43.38651844795348,7.478964347830451,190,98,84
84,31,1165062000,서초구,방배3동,38.64095035233749,4.453453612199084,32,259,85
85,44,1153080000,구로구,항동,39.43113711329828,4.5377714919169865,45,247,86
86,148,1147062000,양천구,신정1동,42.65984116044672,6.162340744031114,149,150,87
87,36,1117053000,용산구,남영동,38.78758045610298,4.405083488295004,37,263,88
88,93,1129062000,성북구,정릉1동,41.346411960083955,5.053800448530834,94,207,89
89,123,1171069000,송파구,잠실4동,42.09765736263872,5.698502426022017,124,178,90
90,56,1174059000,강동구,암사3동,40.05627033708035,4.539328957884286,57,246,91
91,72,1162057500,관악구,행운동,40.711298549343965,4.686307519746478,73,231,92
92,101,1123071000,동대문구,회기동,41.655288259550375,5.1217205736606095,102,203,93
93,111,1147067000,양천구,신정6동,41.84503184836104,5.339244553291688,112,194,94
94,261,1165053100,서초구,서초4동,44.45196675981033,9.946025156096658,262,46,95
95,294,1165053000,서초구,서초3동,44.97595427384683,15.988629408596447,295,14,96
96,91,1126057500,중랑구,면목3.8동,41.24672628916028,4.810577008359138,92,222,97
97,182,1174065000,강동구,성내2동,43.30876907486727,6.508562295002646,183,131,98
98,110,1126056500,중랑구,면목본동,41.83154190425436,5.116310591398138,111,205,99
99,236,1165054000,서초구,잠원동,44.09161575763016,8.03637057399699,237,80,100
100,305,1150060300,강서구,가양1동,45.21621983990165,18.016906680753348,306,11,101
101,293,1168051000,강남구,신사동,44.96845052779779,12.390203750457477,294,24,102
102,207,1162073500,관악구,대학동,43.58181746479429,6.924007882830516,208,113,103
103,174,1165062100,서초구,방배4동,43.1514166829858,6.214101212570815,175,147,104
104,228,1153056000,구로구,구로5동,43.95819818503177,7.594935093304178,229,95,105
105,63,1135057000,노원구,월계2동,40.547236052901155,4.426196887214883,64,262,106
106,115,1147052000,양천구,목2동,41.93012851312155,4.995516124231821,116,211,107
107,203,1159064000,동작구,사당3동,43.53974691975256,6.649020827714645,204,124,108
108,10,1130564500,강북구,우이동,34.62123364050637,3.8403588663988226,11,321,109
109,98,1130557500,강북구,삼각산동,41.62009424782514,4.675038099231904,99,234,110
110,35,1138060000,은평구,응암3동,38.7192085245917,4.08592532168977,36,297,111
111,300,1168052100,강남구,논현1동,45.07012857235008,10.893273998351674,301,33,112
112,251,1165057000,서초구,반포2동,44.30697019292348,7.9430189811836165,252,82,113
113,323,1165051000,서초구,서초1동,46.15222342716634,18.37915215888708,324,10,114
114,257,1123060000,동대문구,답십리1동,44.413180650974255,8.129056079440586,258,77,115
115,57,1162074500,관악구,삼성동,40.09831478546975,4.240241874296433,58,282,116
116,153,1123057000,동대문구,전농2동,42.68881118642977,5.605552067181349,154,186,117
117,193,1123070500,동대문구,청량리동,43.44754640328333,6.22762681346372,194,146,118
118,179,1144071000,마포구,연남동,43.241009292253324,5.972208116429637,180,162,119
119,107,1138058000,은평구,응암1동,41.75638226375631,4.65877947194482,108,235,120
120,106,1132052100,도봉구,도봉1동,41.72017898066144,4.652815926310992,107,236,121
121,32,1126060000,중랑구,중화1동,38.692311547773066,3.962986175898739,33,310,122
122,226,1171052000,송파구,풍납2동,43.934488848020486,6.763564474815567,227,117,123
123,125,1147061000,양천구,신월6동,42.12258861829733,4.892034228065673,126,219,124
124,324,1165052000,서초구,서초2동,46.1600023457003,12.401795117429973,325,23,125
125,58,1120062000,성동구,금호4가동,40.14516458707901,4.146575477918299,59,290,126
126,19,1135062400,노원구,중계4동,37.40925896705608,3.7486900107025005,20,329,127
127,169,1123074000,동대문구,이문1동,43.044898812189835,5.686690734622066,170,179,128
128,187,1123073000,동대문구,휘경2동,43.37872704914175,5.979348440821503,188,161,129
129,152,1162052500,관악구,보라매동,42.687919432741886,5.269534499132117,153,197,130
130,136,1130566000,강북구,인수동,42.36353454948636,4.98594171988567,137,213,131
131,302,1165056000,서초구,반포1동,45.12143004254202,9.758967566832997,303,48,132
132,33,1117069000,용산구,서빙고동,38.69857639753757,3.8452800238648903,34,319,133
133,70,1129063000,성북구,정릉2동,40.69754636854243,4.223432615354267,71,283,134
134,242,1123061000,동대문구,답십리2동,44.165470875247266,6.944814594745835,243,112,135
135,222,1144058500,마포구,도화동,43.870745008420386,6.4850766461912235,223,133,136
136,83,1150059300,강서구,화곡8동,41.11690526138694,4.307570317533072,84,273,137
137,149,1126069000,중랑구,신내2동,42.664257999044416,5.01140100518484,150,209,138
138,349,1111061500,종로구,종로1.2.3.4가동,47.12439561226168,16.04901708688614,350,13,139
139,254,1123054500,동대문구,제기동,44.36842936894486,7.102097810390662,255,108,140
140,94,1129072500,성북구,월곡2동,41.366755962648654,4.349466752395887,95,268,141
141,262,1141058500,서대문구,신촌동,44.486788286020726,7.254550747498316,263,103,142
142,230,1174053000,강동구,명일1동,43.97764896532433,6.377342208601311,231,136,143
143,229,1171065000,송파구,잠실본동,43.96497514234277,6.346454731458552,230,139,144
144,184,1123072000,동대문구,휘경1동,43.33987341918825,5.600596420469826,185,187,145
145,11,1121577000,광진구,중곡4동,34.62919293433566,3.3471395915782134,12,360,146
146,247,1162072500,관악구,조원동,44.20059570477086,6.639785170838938,248,125,147
147,199,1174052600,강동구,상일제2동,43.50810418928752,5.810999651205371,200,174,148
148,279,1141055500,서대문구,북아현동,44.76499555233425,7.581049897701927,280,96,149
149,360,1165065200,서초구,양재2동,47.484324366650675,14.515964221503594,361,15,150
150,62,1132051100,도봉구,창1동,40.5428106969852,3.934666546588697,63,313,151
151,120,1135056000,노원구,월계1동,42.05766740603111,4.487218973979716,121,256,152
152,287,1144069000,마포구,망원1동,44.882180318713054,7.610238577124797,288,92,153
153,350,1123053600,동대문구,용신동,47.147585066958584,11.138608892017823,351,29,154
154,280,1162059500,관악구,청룡동,44.7737455817277,7.288752223798607,281,100,155
155,336,1156062000,영등포구,양평2동,46.41632917970667,9.917593083002476,337,47,156
156,113,1129059000,성북구,돈암2동,41.892957210591995,4.324733763616587,114,271,157
157,126,1126057000,중랑구,면목7동,42.12279186330261,4.472318859492481,127,258,158
158,45,1135061200,노원구,하계2동,39.47935646239724,3.5565141645786515,46,340,159
159,331,1144073000,마포구,성산2동,46.3613776342758,9.194691678195893,332,57,160
160,25,1165055000,서초구,반포본동,37.96783400257133,3.2437021631624057,26,364,161
161,326,1144055500,마포구,아현동,46.20669644594712,8.764470986381514,327,63,162
162,202,1174061000,강동구,천호2동,43.53539055651337,5.5754450116856455,203,188,163
163,358,1171064700,송파구,위례동,47.46242425360707,10.980606116731167,359,32,164
164,77,1129077000,성북구,장위2동,41.02720632725193,3.9154754121477264,78,314,165
165,227,1171060000,송파구,석촌동,43.95203550314313,5.910507193025097,228,166,166
166,218,1162060500,관악구,은천동,43.83407661500936,5.703335063390502,219,177,167
167,79,1117055500,용산구,청파동,41.044005585369085,3.900187506281921,80,316,168
168,321,1144061000,마포구,염리동,46.05666290222323,8.19188902173228,322,75,169
169,158,1138056000,은평구,구산동,42.75657995013746,4.609991843038936,159,240,170
170,60,1138064000,은평구,증산동,40.513932604976084,3.631954274114848,61,338,171
171,380,1174068500,강동구,길동,48.528859061909834,14.208779499588186,381,18,172
172,396,1168061000,강남구,대치2동,50.941473826888675,31.215633833894422,397,3,173
173,105,1147054000,양천구,목4동,41.697664359525966,4.104235215804546,106,296,174
174,333,1168001100,강남구,압구정동,46.394629221283246,8.416949462201964,334,70,175
175,335,1168050200,강남구,청담동,46.40948116823607,8.457786668180225,336,69,176
176,196,1126058000,중랑구,상봉1동,43.48329538734234,5.003276451777248,197,210,177
177,265,1174060000,강동구,천호1동,44.526151703573056,6.292838147149449,266,142,178
178,231,1126062000,중랑구,묵1동,43.97867504248842,5.727481539105864,232,176,179
179,223,1159065000,동작구,사당4동,43.870853211875996,5.6448979562339225,224,184,180
180,322,1156056000,영등포구,당산2동,46.12440093296556,7.851914637759802,323,86,181
181,289,1153051000,구로구,신도림동,44.90803276175618,6.730298072466819,290,120,182
182,157,1114060500,중구,을지로동,42.74139230750471,4.51365735060996,158,252,183
183,78,1138055200,은평구,갈현2동,41.04256394109733,3.7215511770938554,79,331,184
184,332,1168067500,강남구,개포3동,46.36342808301278,8.09979708155556,333,78,185
185,311,1147055000,양천구,목5동,45.43294787049285,7.408635784055118,312,99,186
186,401,1114054000,중구,회현동,52.08109618760757,20.20166995081989,402,9,187
187,304,1159067000,동작구,신대방1동,45.21120459727484,7.165558051626691,305,106,188
188,92,1135067000,노원구,상계5동,41.312228488029746,3.84482372808841,93,320,189
189,69,1135071000,노원구,상계9동,40.63335784042635,3.5393150461346403,70,343,190
190,173,1147056000,양천구,신월1동,43.097606873129976,4.6225056633123485,174,239,191
191,297,1159056000,동작구,상도4동,45.03480672757078,6.843334451232104,298,116,192
192,163,1129065000,성북구,정릉4동,42.953073752201796,4.530896102093353,164,251,193
193,410,1168064000,강남구,역삼1동,53.654789783585755,29.697390150981136,411,4,194
194,381,1168070000,강남구,세곡동,48.625234404948216,10.835588547502859,382,34,195
195,348,1117068500,용산구,한남동,47.08102932837031,8.592331616090112,349,68,196
196,119,1121571000,광진구,화양동,41.996557449206705,4.082877924511377,120,298,197
197,248,1162069500,관악구,신림동,44.21906415950797,5.847857910276601,249,169,198
198,190,1162064500,관악구,서원동,43.41206599684915,4.752761888168884,191,227,199
199,273,1144060000,마포구,대흥동,44.70123322404133,6.25397639890814,274,144,200
200,64,1135072000,노원구,상계10동,40.55332387266149,3.4189785777786517,65,353,201
201,176,1129071500,성북구,월곡1동,43.218737285164764,4.56995148978341,177,243,202
202,339,1168065600,강남구,도곡2동,46.50812773322727,7.975231566788479,340,81,203
203,122,1154563000,금천구,독산3동,42.09480476129254,4.080832047290102,123,299,204
204,99,1121584700,광진구,자양4동,41.632030715287826,3.823221785228707,100,323,205
205,16,1129052500,성북구,성북동,36.60890581895415,2.336595824776382,17,407,206
206,4,1111054000,종로구,삼청동,31.986761739068182,1.607419011629541,5,422,207
207,422,1156054000,영등포구,여의동,73.50224172151033,28.64643491884537,423,6,208
208,408,1171064200,송파구,문정2동,53.3206478619876,12.412582020847541,409,22,209
209,386,1126065500,중랑구,망우본동,49.6110355944743,10.084577655353387,387,44,210
210,390,1138069000,은평구,진관동,50.69764445426125,10.208531905881445,391,40,211
211,309,1120053500,성동구,왕십리도선동,45.35765572016806,6.719007860194055,310,121,212
212,366,1171063100,송파구,가락1동,47.64293764471861,8.667881253931577,367,65,213
213,138,1120059000,성동구,금호1가동,42.46857433922296,4.121943721583782,139,293,214
214,284,1174064000,강동구,성내1동,44.83820172392657,6.207176475804093,285,148,215
215,128,1129060000,성북구,안암동,42.184511909991265,3.9956759825320995,129,307,216
216,342,1120054000,성동구,마장동,46.83811993333202,7.60132554428511,343,94,217
217,352,1168065500,강남구,도곡1동,47.172250796481364,7.92595341798589,353,84,218
218,425,1154551000,금천구,가산동,82.35741618356852,16.76591606149738,426,12,219
219,177,1130563500,강북구,수유3동,43.229870007977475,4.4365882223074244,178,261,220
220,258,1129055500,성북구,삼선동,44.422785437326986,5.685712083027885,259,180,221
221,206,1174054000,강동구,명일2동,43.569389574490245,4.679781109680476,207,232,222
222,376,1120066000,성동구,성수1가2동,48.404404698778315,8.770035835692092,377,62,223
223,151,1132071000,도봉구,방학3동,42.687663920821436,4.173619314087991,152,288,224
224,413,1168058000,강남구,삼성1동,54.18488712709502,12.122165650743682,414,26,225
225,379,1165058100,서초구,반포4동,48.45561517926571,8.925626350716595,380,61,226
226,421,1114055000,중구,명동,63.15985911281512,13.186001705010503,422,20,227
227,161,1129061000,성북구,보문동,42.882223584869685,4.250769982017257,162,280,228
228,403,1156060500,영등포구,문래동,52.78692382054204,10.282926425232542,404,39,229
229,394,1147051000,양천구,목1동,50.84423531897887,9.686274705361894,395,49,230
230,406,1114052000,중구,소공동,52.921745883244995,10.65759464933236,407,37,231
231,356,1150063000,강서구,방화1동,47.34715084265599,7.809117251557226,357,87,232
232,82,1138053000,은평구,불광2동,41.10203391062181,3.3140943275409422,83,362,233
233,168,1171056600,송파구,오륜동,43.031735347079845,4.288481801039625,169,276,234
234,424,1117062500,용산구,한강로동,76.02622882768813,13.064310137453758,425,21,235
235,417,1174051500,강동구,강일동,55.98733524247641,11.155177277520753,418,28,236
236,104,1150060500,강서구,가양3동,41.67393583743272,3.546872855694152,105,342,237
237,46,1111055000,종로구,부암동,39.501575831823565,2.451582728019549,47,400,238
238,340,1120050100,성동구,옥수동,46.67701813801429,7.03476337987112,341,109,239
239,75,1138055100,은평구,갈현1동,40.85177113522441,3.078567545864313,76,374,240
240,243,1147065000,양천구,신정4동,44.177231508351376,5.111616327615344,244,206,241
241,166,1147057000,양천구,신월2동,43.00377337555106,4.208429793590232,167,284,242
242,67,1174069000,강동구,둔촌1동,40.61937894298917,2.893447104377306,68,383,243
243,397,1111053000,종로구,사직동,51.25235751794338,9.307637998634686,398,54,244
244,124,1171055000,송파구,마천2동,42.10372173257223,3.7739066429112675,125,327,245
245,71,1132066000,도봉구,쌍문1동,40.70054066498184,2.926778982418903,72,381,246
246,288,1171064100,송파구,문정1동,44.898567115506026,5.940099747637478,289,164,247
247,253,1120079000,성동구,용답동,44.36811005140804,5.1757042166804865,254,200,248
248,233,1141068500,서대문구,홍은2동,44.01721016165467,4.850367184595577,234,221,249
249,95,1154571000,금천구,시흥5동,41.49944286668868,3.35014415979397,96,359,250
250,412,1171071000,송파구,잠실6동,54.101472388103524,10.111346790404921,413,42,251
251,419,1156053500,영등포구,영등포동,57.77641630889493,10.628007771379302,420,38,252
252,327,1174062000,강동구,천호3동,46.22259878252674,6.504578233487998,328,132,253
253,260,1123075000,동대문구,이문2동,44.44146707396297,5.134482712509247,261,201,254
254,117,1117051000,용산구,후암동,41.98382425401604,3.4976565030101217,118,347,255
255,392,1171064600,송파구,장지동,50.78890806850189,8.322811116762919,393,72,256
256,102,1153079000,구로구,수궁동,41.65845348514068,3.3071045422080294,103,363,257
257,400,1120069000,성동구,성수2가3동,51.817673001342115,8.599495032332397,401,66,258
258,308,1168075000,강남구,수서동,45.3375967580241,6.023775007897539,309,158,259
259,416,1153054000,구로구,구로3동,54.90908647662279,9.580376766979144,417,51,260
260,181,1147063000,양천구,신정2동,43.262868250941374,4.193622017321198,182,286,261
261,405,1144059000,마포구,용강동,52.87856275034029,8.723905211506377,406,64,262
262,320,1168069000,강남구,개포4동,45.90874399244235,6.146291853772382,321,151,263
263,387,1159068000,동작구,신대방2동,49.613806225282545,7.888669961389488,388,85,264
264,266,1171053200,송파구,거여2동,44.5458406711891,5.037183330687901,267,208,265
265,211,1165061000,서초구,방배2동,43.70635159203597,4.39699539323658,212,264,266
266,127,1141052000,서대문구,천연동,42.136615170934334,3.473385629163091,128,350,267
267,264,1147068000,양천구,신정7동,44.51511621060274,4.980370119130499,265,215,268
268,143,1117057000,용산구,원효로2동,42.59080592996392,3.648678114508583,144,336,269
269,108,1150060400,강서구,가양2동,41.824724953065875,3.107589183702844,109,371,270
270,214,1135061900,노원구,중계본동,43.74214356521754,4.388647978323526,215,265,271
271,420,1154561000,금천구,독산1동,60.35401272342503,9.137170013150508,421,59,272
272,237,1120061500,성동구,금호2.3가동,44.11890806645862,4.554764135990334,238,244,273
273,170,1162077500,관악구,난곡동,43.05272381477295,3.9442385324433387,171,311,274
274,131,1114063500,중구,약수동,42.238815761349315,3.411692569883336,132,354,275
275,103,1120072000,성동구,송정동,41.6664867019238,2.822736995792908,104,388,276
276,325,1168073000,강남구,일원1동,46.17831254663618,5.8558588814151245,326,167,277
277,144,1154569000,금천구,시흥3동,42.6129599768667,3.4807269315073017,145,348,278
278,245,1162062500,관악구,인헌동,44.185904609101016,4.534067491759427,246,248,279
279,192,1126054000,중랑구,면목4동,43.43516713602964,4.065604509531391,193,301,280
280,80,1117052000,용산구,용산2가동,41.0487352061659,1.8037224197672348,81,417,281
281,423,1126068000,중랑구,신내1동,74.63957348335832,8.20249905787183,424,74,282
282,142,1150057000,강서구,화곡4동,42.589051357127516,3.397262916014618,143,356,283
283,135,1114068000,중구,중림동,42.356167538721856,3.1799354699804256,136,365,284
284,220,1138059000,은평구,응암2동,43.852751786277096,4.243918317285248,221,281,285
285,286,1138063100,은평구,신사1동,44.859830995822364,4.857440368087378,287,220,286
286,198,1156063000,영등포구,신길1동,43.49476342971136,3.9699954328097906,199,309,287
287,414,1150061100,강서구,발산1동,54.307842042365685,7.603445811928259,415,93,288
288,235,1141071000,서대문구,북가좌1동,44.03580060462679,4.297515795310295,236,274,289
289,159,1153075000,구로구,개봉2동,42.79552315199965,3.4631185717643094,160,351,290
290,204,1120055000,성동구,사근동,43.548619595619975,4.015817780464303,205,306,291
291,382,1138051000,은평구,녹번동,48.67686499123705,6.554507620208066,383,129,292
292,269,1141062000,서대문구,홍제1동,44.61141129901808,4.57635437136786,270,242,293
293,116,1117064000,용산구,이촌2동,41.944895172578114,2.6080181982789576,117,397,294
294,312,1162056500,관악구,성현동,45.4766063312806,5.126803387706043,313,202,295
295,232,1130555500,강북구,송천동,44.003073560771256,4.19758729940244,233,285,296
296,121,1117070000,용산구,보광동,42.081953109433975,2.576975631112175,122,398,297
297,219,1171059000,송파구,송파2동,43.84934684445002,4.072744520389235,220,300,298
298,156,1141064000,서대문구,홍제3동,42.72697693695904,3.162566953406872,157,367,299
299,334,1135062500,노원구,중계2.3동,46.407446519154504,5.5014770163422435,335,190,300
300,272,1135061100,노원구,하계1동,44.634787763491346,4.504227413445569,273,253,301
301,276,1130562500,강북구,수유2동,44.73660078032835,4.531875036256701,277,249,302
302,255,1121582000,광진구,자양1동,44.379372612513095,4.3121846634471215,256,272,303
303,277,1130559500,강북구,번1동,44.754126644988595,4.531875036256701,278,250,304
304,241,1150059100,강서구,화곡6동,44.165157815787595,4.185066078365652,242,287,305
305,363,1135069500,노원구,상계6.7동,47.54428856333844,5.931624332882415,364,165,306
306,274,1147053000,양천구,목3동,44.72260404785249,4.502017918074424,275,254,307
307,140,1150055000,강서구,화곡2동,42.564761367652196,2.774822850180568,141,389,308
308,299,1130560300,강북구,번2동,45.066235126236556,4.695223860169744,300,230,309
309,188,1141069000,서대문구,남가좌1동,43.37924331988204,3.5478523512528684,189,341,310
310,178,1129078000,성북구,장위3동,43.240229594947074,3.443416468076721,179,352,311
311,415,1132069000,도봉구,방학1동,54.815042627497675,6.872950400134352,416,115,312
312,129,1117059000,용산구,용문동,42.22449283271119,2.423804200508639,130,402,313
313,359,1117056000,용산구,원효로1동,47.47615878413004,5.801071104982329,360,175,314
314,186,1162061500,관악구,중앙동,43.375422398086336,3.479838220266725,187,349,315
315,362,1171061000,송파구,삼전동,47.52312520398085,5.811312407701528,363,173,316
316,367,1165060000,서초구,방배1동,47.69155162742268,5.850090090731374,368,168,317
317,345,1171063200,송파구,가락2동,46.90085372304868,5.380398217686038,346,192,318
318,377,1150052000,강서구,등촌1동,48.452130444834175,5.98690598333945,378,160,319
319,399,1156055000,영등포구,당산1동,51.558596953606695,6.354400473613654,400,138,320
320,139,1147058000,양천구,신월3동,42.54000981455788,2.4412420092902503,140,401,321
321,137,1121574000,광진구,중곡1동,42.45114692779591,2.4109059943725266,138,404,322
322,347,1171058000,송파구,송파1동,47.02767839489598,5.277230150884843,348,196,323
323,388,1120067000,성동구,성수2가1동,50.599183220424095,6.084755188412775,389,156,324
324,175,1162054500,관악구,청림동,43.203233426513535,3.0970138557518188,176,372,325
325,208,1162065500,관악구,신원동,43.5894392123468,3.5606353187714954,209,339,326
326,180,1114057000,중구,필동,43.244695433023615,3.124977038606109,181,368,327
327,215,1120052000,성동구,왕십리2동,43.74840778160789,3.6536590885860045,216,335,328
328,194,1150056000,강서구,화곡3동,43.456522871865765,3.380036581314891,195,357,329
329,371,1114059000,중구,광희동,48.192764540509245,5.683824359444542,372,181,330
330,368,1156072000,영등포구,대림3동,47.911425024269164,5.634500122447071,369,185,331
331,130,1111070000,종로구,숭인1동,42.230833993093015,1.5176186567605612,131,424,332
332,344,1120081000,광진구,광장동,46.87865456925599,4.989988509279226,345,212,333
333,263,1130553400,강북구,삼양동,44.50997475949428,4.115496371200254,264,294,334
334,165,1153073000,구로구,고척2동,42.98876556331744,2.7134868133828154,166,392,335
335,402,1135064000,노원구,상계2동,52.18995275726016,6.012677283738292,403,159,336
336,155,1121575000,광진구,중곡2동,42.72367579036086,2.3194865509805513,156,408,337
337,295,1150059000,강서구,화곡본동,45.00906310845237,4.340194436578628,296,269,338
338,290,1126063000,중랑구,묵2동,44.90920123121743,4.289987889925856,291,275,339
339,160,1111071000,종로구,숭인2동,42.81095587191932,2.392584638378234,161,406,340
340,244,1156068000,영등포구,신길6동,44.179936542684935,3.8313140343566103,245,322,341
341,374,1130554500,강북구,송중동,48.32194495569008,5.37742510715492,375,193,342
342,191,1156065000,영등포구,신길3동,43.414106988322544,2.9823824948149493,192,378,343
343,162,1132068100,도봉구,쌍문4동,42.92214194590508,2.128890532435753,163,411,344
344,303,1154568000,금천구,시흥2동,45.144351421224,4.328120390949007,304,270,345
345,391,1141072000,서대문구,북가좌2동,50.74664458483474,5.667799112733009,392,182,346
346,249,1117065000,용산구,이태원1동,44.26523941112396,3.80662101133782,250,324,347
347,283,1120057000,성동구,행당2동,44.83196717568065,4.1353466283699705,284,291,348
348,197,1156067000,영등포구,신길5동,43.48498704445014,3.002307646923323,198,377,349
349,385,1126052000,중랑구,면목2동,49.409414146854914,5.5184724279257376,386,189,350
350,271,1171056100,송파구,방이1동,44.629801982984404,4.056399923582154,272,303,351
351,234,1162071500,관악구,난향동,44.02151536178335,3.5334056395534734,235,345,352
352,319,1156069000,영등포구,신길7동,45.84984858585433,4.441688204982476,320,260,353
353,291,1132051200,도봉구,창2동,44.939206857944576,4.130521521530812,292,292,354
354,267,1111063000,종로구,종로5.6가동,44.56518399503326,3.900032433271381,268,317,355
355,238,1135070000,노원구,상계8동,44.1197137337002,3.5267734187738506,239,346,356
356,171,1111060000,종로구,가회동,43.08178024789173,1.8752501065499145,172,415,357
357,212,1121583000,광진구,자양2동,43.70997381161428,3.0435558328353105,213,375,358
358,210,1153077000,구로구,오류1동,43.666250120612524,2.952786931974948,211,380,359
359,395,1126061000,중랑구,중화2동,50.91380370548887,5.11952156292089,396,204,360
360,375,1165059000,서초구,방배본동,48.37813495617646,4.760905887637576,376,225,361
361,224,1120058000,성동구,응봉동,43.89836854645519,2.9728840609932647,225,379,362
362,310,1130553500,강북구,미아동,45.37388845947729,4.106579406676895,311,295,363
363,393,1129068500,성북구,길음2동,50.80049249233488,4.984464062927486,394,214,364
364,213,1117058000,용산구,효창동,43.71095944259456,2.631342373373403,214,395,365
365,200,1132051300,도봉구,창3동,43.525653346839704,1.9667411762087175,201,412,366
366,298,1156070000,영등포구,대림1동,45.06340619699644,3.846472997610167,299,318,367
367,201,1117066000,용산구,이태원2동,43.5331100628014,1.795673297305679,202,419,368
368,384,1153072000,구로구,고척1동,49.36331380163665,4.622749778059037,385,238,369
369,256,1154562000,금천구,독산2동,44.410485665086725,3.1641758638542266,257,366,370
370,209,1114065000,중구,신당5동,43.61940709702825,1.9121884112463783,210,413,371
371,369,1132051400,도봉구,창4동,48.07439667290619,4.487696656822127,370,255,372
372,240,1114058000,중구,장충동,44.16199906549559,2.870933419721281,241,384,373
373,205,1153076000,구로구,개봉3동,43.558593750921176,1.6554494723951838,206,421,374
374,217,1114064500,중구,청구동,43.80635444486218,2.251016709010904,218,409,375
375,370,1121584000,광진구,자양3동,48.18184096513487,4.486346369909701,371,257,376
376,259,1147060000,양천구,신월5동,44.44105142347553,3.114832398825451,260,369,377
377,383,1141070000,서대문구,남가좌2동,49.347654268482906,4.5519501017145085,384,245,378
378,329,1162068500,관악구,신사동,46.246065985228206,4.064174003341544,330,302,379
379,250,1154564000,금천구,독산4동,44.30411707192861,2.9147053202518465,251,382,380
380,301,1156071000,영등포구,대림2동,45.10032704867847,3.656819095786104,302,334,381
381,407,1162058500,관악구,낙성대동,52.95822192785642,4.732262066928926,408,229,382
382,216,1111057000,종로구,무악동,43.76286520356161,1.6991037001373925,217,420,383
383,306,1141066000,서대문구,홍은1동,45.22106730091197,3.7398130201024227,307,330,384
384,239,1141065500,서대문구,홍제2동,44.12455728577784,2.413587510310321,240,403,385
385,365,1111064000,종로구,이화동,47.61720055998468,4.286241409618564,366,277,386
386,411,1156061000,영등포구,양평1동,53.979114663517116,4.679223566599499,412,233,387
387,317,1156058500,영등포구,도림동,45.73019265874593,3.7575466290561104,318,328,388
388,296,1132051500,도봉구,창5동,45.027218641538276,3.4054604419738586,297,355,389
389,351,1120087000,광진구,구의3동,47.15150323520555,4.023507967793718,352,305,390
390,270,1114062500,중구,다산동,44.62212019449112,2.828383624487026,271,387,391
391,346,1129057500,성북구,동선동,46.992354437914315,3.940583511916998,347,312,392
392,268,1129058000,성북구,돈암1동,44.57933450909864,2.6690174531247197,269,394,393
393,330,1111065000,종로구,혜화동,46.3339382456995,3.6825244888112034,331,333,394
394,398,1135062100,노원구,중계1동,51.531729983841444,4.379590294542279,399,267,395
395,341,1114061500,중구,신당동,46.827679677241385,3.78415745979554,342,325,396
396,353,1120086000,광진구,구의2동,47.22419026344522,3.9146087518516905,354,315,397
397,278,1114067000,중구,황학동,44.76384804503086,2.7284155400419943,279,390,398
398,282,1111058000,종로구,교남동,44.81539947066992,2.8305438667469107,283,386,399
399,252,1153059500,구로구,가리봉동,44.330746227179525,1.8024951922726358,253,418,400
400,404,1162066500,관악구,서림동,52.85616993550551,4.382783207749781,405,266,401
401,313,1150053000,강서구,등촌2동,45.52420351708212,3.371016946838795,314,358,402
402,354,1120085000,광진구,구의1동,47.251042483279896,3.778484731924155,355,326,403
403,373,1126055000,중랑구,면목5동,48.213038322311434,3.9836359889858217,374,308,404
404,292,1156066000,영등포구,신길4동,44.94620652954662,2.7255497900029186,293,391,405
405,285,1132068000,도봉구,쌍문3동,44.851985461627066,2.454987073318285,286,399,406
406,409,1147059000,양천구,신월4동,53.502235937304,4.269633582188621,410,278,407
407,328,1171051000,송파구,풍납1동,46.24046413058268,3.3427790221705553,329,361,408
408,275,1171072000,송파구,잠실7동,44.72662246738478,1.8627463119313619,276,416,409
409,318,1171053100,송파구,거여1동,45.744162757943776,3.0960523097787687,319,373,410
410,355,1120073000,광진구,군자동,47.277894703114576,3.642360711996618,356,337,411
411,389,1138063200,은평구,신사2동,50.618337541762514,4.050550552564655,390,304,412
412,281,1114066500,중구,동화동,44.77628665059906,1.9030518960313487,282,414,413
413,314,1154570000,금천구,시흥4동,45.531437506873914,2.8460960106944064,315,385,414
414,372,1132052200,도봉구,도봉2동,48.210170751982986,3.68597134386592,373,332,415
415,361,1150064100,강서구,방화3동,47.48584702061165,3.538303908728398,362,344,416
416,418,1138065000,은평구,수색동,57.299908736761786,4.152507017669943,419,289,417
417,307,1132070000,도봉구,방학2동,45.265746505748766,2.4062429938343817,308,405,418
418,357,1120078000,광진구,능동,47.39474592024212,3.111477034279227,358,370,419
419,338,1111051500,종로구,청운효자동,46.48960227096671,2.6238983765294766,339,396,420
420,343,1132067000,도봉구,쌍문2동,46.84378035283756,2.675453408828462,344,393,421
421,315,1111067000,종로구,창신1동,45.540403421537654,1.5483970255172201,316,423,422
422,316,1111069000,종로구,창신3동,45.69571490123204,1.134043031414598,317,426,423
423,337,1121576000,광진구,중곡3동,46.4670015652859,2.1407731521150306,338,410,424
424,378,1171054000,송파구,마천1동,48.455012155457354,3.027879346147958,379,376,425
425,364,1111068000,종로구,창신2동,47.569628044641796,1.4584042591529747,365,425,426
