,행정동코드,자치구,행정동,전기차수,등록차대수,전기차비율,20세~29세,30세~39세,40세~49세,50세~59세,60세~69세,교통량평균,사용량(kWh),충전기수,급속개수,완속개수,행정동중심지평균거리,행정동중심지최대거리,행정동중심지최소거리,면적(km2),공영주차장수,비주거지비율(구)),급속차충비
0,1168066000,강남구,개포1동,234,10434,2.243,3468639.5841,5813828.9505,8719380.1478,7172275.0033,5395397.0502,1890.7349019607843,1378436.8415414519,28.0,4.0,24.0,825.8,1024.79,164.5,1.27,2,38.66,58.5
1,1168067000,강남구,개포2동,443,15656,2.83,12151977.1546,16639851.0655,23626267.7399,18788866.8852,14117865.8486,1890.7349019607843,1378436.8415414519,162.0,3.0,159.0,479.33,776.15,122.09,2.51,2,38.66,147.66666666666666
2,1168067500,강남구,개포3동,183,5537,3.305,17631144.672283784,19122577.665293366,18954645.81039091,16188837.369997052,11358200.974532925,2696.6823529411763,1378436.8415414519,85.0,12.0,73.0,407.05,1230.96,25.85,1.24,2,38.66,15.25
3,1168069000,강남구,개포4동,188,8563,2.195,8244241.6239,11346628.8318,12656117.6282,11767156.2993,7811695.6328,1890.7349019607843,1378436.8415414519,167.0,12.0,155.0,436.59,841.92,146.07,1.49,4,38.66,15.666666666666666
4,1168052100,강남구,논현1동,236,9871,2.391,54443796.336,63585205.6243,46981454.129,27322833.5499,14610651.3862,1514.0282352941176,1378436.8415414519,72.0,12.0,60.0,489.7,758.76,92.25,1.25,7,38.66,19.666666666666668
5,1168053100,강남구,논현2동,215,10778,1.995,52384541.6085,71082009.4853,56299299.5721,32300346.2704,16125050.6589,1890.7349019607843,1378436.8415414519,110.0,9.0,101.0,455.9,765.0,52.7,1.47,5,38.66,23.88888888888889
6,1168060000,강남구,대치1동,5532,18630,29.694,11169451.6055,10937251.5518,23503958.7366,15446795.3715,9047346.1479,1890.7349019607843,1378436.8415414519,101.0,2.0,99.0,210.65,563.43,112.21,0.79,4,38.66,2766.0
7,1168061000,강남구,대치2동,1677,17575,9.542,37274083.3177,53135533.0013,54519051.858,33647833.9003,18606806.0801,1890.7349019607843,1378436.8415414519,171.0,23.0,148.0,428.89,1037.38,57.48,2.0,11,38.66,72.91304347826087
8,1168063000,강남구,대치4동,1622,11710,13.851,29414486.3493,35777899.1132,41766711.3526,27885110.5607,12701832.741700001,1890.7349019607843,1378436.8415414519,78.0,1.0,77.0,432.66,531.14,88.81,0.73,6,38.66,1622.0
9,1168065500,강남구,도곡1동,158,8458,1.868,20637720.7014,28987505.0128,31605417.4523,23278193.9391,15336741.9622,1890.7349019607843,1378436.8415414519,109.0,13.0,96.0,387.09,705.31,24.29,1.02,3,38.66,12.153846153846153
10,1168065600,강남구,도곡2동,306,13619,2.247,13757841.8658,18332383.1344,26595197.1297,19462491.9038,12165578.618900001,1153.7658823529412,1378436.8415414519,516.0,14.0,502.0,453.78,850.17,90.58,1.02,3,38.66,21.857142857142858
11,1168058000,강남구,삼성1동,245,8468,2.893,52539629.261,72340831.3428,61690989.5018,36200065.0967,17564177.8019,1264.9023529411766,1378436.8415414519,167.0,31.0,136.0,467.87,951.22,79.54,1.94,7,38.66,7.903225806451613
12,1168059000,강남구,삼성2동,306,12139,2.521,33572478.3978,48940032.1435,45219539.9932,27858333.4632,14202583.2559,1890.7349019607843,1378436.8415414519,154.0,6.0,148.0,546.19,821.23,153.16,1.24,4,38.66,51.0
13,1168070000,강남구,세곡동,486,19055,2.551,16546026.0857,24000416.8464,30807761.5213,22147488.3897,17339070.8902,1043.5070588235294,1378436.8415414519,291.0,29.0,262.0,749.75,1437.89,34.9,6.36,5,38.66,16.75862068965517
14,1168075000,강남구,수서동,109,5545,1.966,11629952.193,19282321.5539,20528006.1903,16907087.8779,14341740.2598,1890.7349019607843,1378436.8415414519,65.0,10.0,55.0,415.65,821.11,42.29,1.43,3,38.66,10.9
15,1168051000,강남구,신사동,160,7791,2.054,44928695.3792,47914436.8772,40976927.742,27707648.782,15619175.5409,3904.077647058824,1378436.8415414519,47.0,12.0,35.0,497.53,840.85,228.61,1.89,7,38.66,13.333333333333334
16,1168001100,강남구,압구정동,293,11936,2.455,17631144.672283784,19122577.665293366,18954645.81039091,16188837.369997052,11358200.974532925,1890.7349019607843,1378436.8415414519,0.0,0.0,0.0,0.0,0.0,0.0,2.53,5,38.66,293.0
17,1168064000,강남구,역삼1동,835,19181,4.353,156448508.9376,181887528.7968,130577946.5077,74009065.2612,36762552.2086,1065.115294117647,1378436.8415414519,299.0,34.0,265.0,583.52,1251.84,83.57,2.35,10,38.66,24.558823529411764
18,1168065000,강남구,역삼2동,425,15860,2.68,44156531.3465,56200605.1346,57301100.2542,35068785.8973,17634187.7672,1890.7349019607843,1378436.8415414519,319.0,5.0,314.0,402.78,625.5,78.11,1.15,5,38.66,85.0
19,1168073000,강남구,일원1동,178,4662,3.818,8003122.3951,10447652.911700001,11335556.009300001,10062871.8827,8855409.7436,1907.2458823529407,1378436.8415414519,15.0,3.0,12.0,156.81,680.32,26.04,0.92,6,38.66,59.333333333333336
20,1168072000,강남구,일원본동,152,8538,1.78,10119530.276,12502524.593700001,17386666.1015,15670577.3839,12842418.9675,1890.7349019607843,1378436.8415414519,85.0,3.0,82.0,563.51,738.89,107.62,2.58,3,38.66,50.666666666666664
21,1168050200,강남구,청담동,296,11609,2.55,17631144.672283784,19122577.665293366,18954645.81039091,16188837.369997052,11358200.974532925,1890.7349019607843,1378436.8415414519,0.0,0.0,0.0,0.0,0.0,0.0,2.33,7,38.66,296.0
22,1174051500,강동구,강일동,321,13087,2.453,18916422.0425,31440620.6629,39027341.4285,28042474.956100002,21514025.048,2125.9796078431373,496355.641,156.0,33.0,123.0,409.61,924.71,63.7,2.26,3,47.28,9.727272727272727
23,1174055000,강동구,고덕1동,199,8610,2.311,6892168.5921,10096734.3109,16750920.8062,11317039.6125,9462021.9746,2125.9796078431373,496355.641,24.0,1.0,23.0,677.61,807.63,537.4,1.51,1,47.28,199.0
24,1174056000,강동구,고덕2동,224,8775,2.553,7691542.0747,12952931.0419,16346052.9503,12720762.4795,10534865.5902,3987.261176470589,496355.641,126.0,0.0,126.0,1012.31,1174.28,18.87,2.5,3,47.28,224.0
25,1174068500,강동구,길동,488,15797,3.089,29133929.2378,36811035.5196,39242746.4716,39611269.1479,33060738.411199998,2125.9796078431373,496355.641,77.0,17.0,60.0,410.72,893.37,25.93,1.61,1,47.28,28.705882352941178
26,1174069000,강동구,둔촌1동,15,653,2.297,1655604.8638,2208710.2942,3075623.7392,3173239.7066,2346965.5564,2125.9796078431373,496355.641,5.0,1.0,4.0,448.53,448.53,448.53,0.92,0,47.28,15.0
27,1174070000,강동구,둔촌2동,109,8144,1.338,12302975.8216,16081933.001600001,17627195.7119,17765069.3857,14788564.3712,2125.9796078431373,496355.641,96.0,2.0,94.0,408.41,900.19,68.28,1.56,1,47.28,54.5
28,1174053000,강동구,명일1동,135,8294,1.628,11272216.1204,14150177.5839,18506624.5784,16479678.4152,15157388.8194,2125.9796078431373,496355.641,127.0,6.0,121.0,382.75,501.55,180.92,0.61,2,47.28,22.5
29,1174054000,강동구,명일2동,85,5773,1.472,6462257.8603,6688395.3595,10737187.1934,9354707.6378,7763082.6931,2125.9796078431373,496355.641,28.0,8.0,20.0,468.93,723.03,151.74,0.97,4,47.28,10.625
30,1174052500,강동구,상일제1동,344,7151,4.811,17631144.672283784,19122577.665293366,18954645.81039091,16188837.369997052,11358200.974532925,2125.9796078431373,496355.641,252.0,2.0,250.0,317.78,907.55,31.26,1.82,1,47.28,172.0
31,1174052600,강동구,상일제2동,78,5862,1.331,17631144.672283784,19122577.665293366,18954645.81039091,16188837.369997052,11358200.974532925,2109.747058823529,496355.641,41.0,5.0,36.0,383.48,628.87,191.07,1.09,0,47.28,15.6
32,1174064000,강동구,성내1동,114,8149,1.399,12383541.9469,17139525.7433,17965896.2349,16574463.7173,11391118.311,2125.9796078431373,496355.641,49.0,4.0,45.0,271.02,516.3,78.09,0.58,1,47.28,28.5
33,1174065000,강동구,성내2동,146,6452,2.263,13497611.2037,16877519.0202,16167683.6304,15684219.1866,12743140.2559,2125.9796078431373,496355.641,36.0,2.0,34.0,299.32,526.5,80.11,0.67,3,47.28,73.0
34,1174066000,강동구,성내3동,110,6796,1.619,15509236.7458,17387037.8616,20523429.7711,18713955.0265,14653004.820700001,2125.9796078431373,496355.641,26.0,2.0,24.0,366.38,653.33,67.67,0.71,2,47.28,55.0
35,1174057000,강동구,암사1동,139,10253,1.356,10873358.6641,14784163.4885,16880404.5869,15919311.3643,12843744.3175,2125.9796078431373,496355.641,69.0,5.0,64.0,458.81,547.64,88.06,1.02,4,47.28,27.8
36,1174058000,강동구,암사2동,111,4960,2.238,6474574.8605,10360128.2323,10454605.0826,9519130.3351,7682568.9875,2125.9796078431373,496355.641,176.0,2.0,174.0,576.52,968.52,484.02,1.18,1,47.28,55.5
37,1174059000,강동구,암사3동,81,6197,1.307,4710041.3309,6881070.5739,9924107.7292,8084452.3067,6315978.4625,2125.9796078431373,496355.641,229.0,8.0,221.0,682.79,973.53,152.58,2.51,1,47.28,10.125
38,1174060000,강동구,천호1동,106,8641,1.227,13271387.7664,17897581.4347,19515518.6965,18543966.0901,15739520.7816,2125.9796078431373,496355.641,37.0,6.0,31.0,351.02,502.36,9.76,0.71,3,47.28,17.666666666666668
39,1174061000,강동구,천호2동,120,9596,1.251,24716239.1427,32577786.9092,31571771.8928,31243800.5921,26004847.6179,280.9305882352941,496355.641,98.0,12.0,86.0,584.9,799.9,36.78,1.57,5,47.28,10.0
40,1174062000,강동구,천호3동,126,7559,1.667,16438786.8648,19872649.4685,17677576.2101,17076648.0048,14515665.3118,2125.9796078431373,496355.641,56.0,8.0,48.0,303.53,552.64,15.5,0.79,3,47.28,15.75
41,1130553500,강북구,미아동,70,4728,1.481,18108032.358,12867094.4009,13917715.4063,17832400.6892,14196444.9685,1319.9148725490195,212492.29,41.0,7.0,34.0,328.97,667.75,146.61,0.93,3,53.92,10.0
42,1130559500,강북구,번1동,69,4347,1.587,17631144.672283784,19122577.665293366,18954645.81039091,16188837.369997052,11358200.974532925,1319.9148725490195,212492.29,105.0,8.0,97.0,394.85,527.94,8.27,0.66,2,53.92,8.625
43,1130560300,강북구,번2동,81,3603,2.248,17631144.672283784,19122577.665293366,18954645.81039091,16188837.369997052,11358200.974532925,1319.9148725490195,212492.29,40.0,9.0,31.0,404.6,1053.9,35.69,0.95,3,53.92,9.0
44,1130560800,강북구,번3동,164,4541,3.612,17631144.672283784,19122577.665293366,18954645.81039091,16188837.369997052,11358200.974532925,1319.9148725490195,212492.29,49.0,4.0,45.0,569.64,864.85,3.02,1.1,1,53.92,41.0
45,1130557500,강북구,삼각산동,157,9508,1.651,6540488.1362,7639359.405,12766690.8563,10673112.8443,6944941.2968,1319.9148725490195,212492.29,232.0,2.0,230.0,400.23,553.02,79.21,0.62,1,53.92,78.5
46,1130553400,강북구,삼양동,95,5844,1.626,9337769.1523,10159267.7583,13138409.2092,14034266.3276,11008778.6795,1319.9148725490195,212492.29,77.0,11.0,66.0,499.52,676.15,246.64,0.91,8,53.92,8.636363636363637
47,1130554500,강북구,송중동,81,6999,1.157,19168506.9698,20102302.5852,23664182.3219,25496926.7883,19405791.5077,1319.9148725490195,212492.29,113.0,15.0,98.0,376.94,870.4,116.88,1.01,6,53.92,5.4
48,1130555500,강북구,송천동,57,5654,1.008,11938582.8741,13225793.5204,17520428.3752,19761958.3209,15377905.4476,1319.9148725490195,212492.29,35.0,7.0,28.0,415.46,794.06,90.48,0.9,5,53.92,8.142857142857142
49,1130561500,강북구,수유1동,96,5442,1.764,17631144.672283784,19122577.665293366,18954645.81039091,16188837.369997052,11358200.974532925,1319.9148725490195,212492.29,29.0,23.0,6.0,2237.52,2587.21,1501.17,1.67,6,53.92,4.173913043478261
50,1130562500,강북구,수유2동,69,5275,1.308,17631144.672283784,19122577.665293366,18954645.81039091,16188837.369997052,11358200.974532925,1319.9148725490195,212492.29,31.0,1.0,30.0,184.21,520.22,13.08,0.57,3,53.92,69.0
51,1130563500,강북구,수유3동,62,4964,1.249,17631144.672283784,19122577.665293366,18954645.81039091,16188837.369997052,11358200.974532925,1319.9148725490195,212492.29,23.0,2.0,21.0,315.43,713.08,14.0,0.72,4,53.92,31.0
52,1130564500,강북구,우이동,84,5848,1.436,10095716.8007,10035783.8412,11283567.315,13255804.3945,10942675.7738,1319.9148725490195,212492.29,29.0,12.0,17.0,1133.46,1714.09,1010.72,10.28,4,53.92,7.0
53,1130566000,강북구,인수동,131,7411,1.768,12858490.4478,13129282.3001,15571282.651,16993977.277400002,14183403.8018,1319.9148725490195,212492.29,39.0,18.0,21.0,827.04,1287.08,271.07,3.28,5,53.92,7.277777777777778
54,1150060300,강서구,가양1동,734,24272,3.024,47357055.7606,66518846.14,53118003.0683,35283550.6715,20213471.0373,1220.355882352941,744423.1067458394,462.0,31.0,431.0,1021.76,1536.11,176.68,4.7,14,64.50999999999999,23.677419354838708
55,1150060400,강서구,가양2동,45,3917,1.149,7587994.297,12939365.0063,10686632.455,9716000.9728,10496482.1727,1220.355882352941,744423.1067458394,42.0,0.0,42.0,344.48,675.4,185.04,1.0,7,64.50999999999999,45.0
56,1150060500,강서구,가양3동,103,5575,1.848,5882079.5755,10373065.8532,8615471.8695,6653963.1655,5580649.8062,1220.355882352941,744423.1067458394,21.0,1.0,20.0,365.1,509.69,148.7,0.5,4,64.50999999999999,103.0
57,1150062000,강서구,공항동,308,11166,2.758,21426197.5564,30333567.044,29583796.9833,22775581.434,14893749.0406,449.0211764705882,744423.1067458394,271.0,15.0,256.0,2101.6,2427.81,675.09,10.87,58,64.50999999999999,20.533333333333335
58,1150052000,강서구,등촌1동,196,9633,2.035,14883698.3206,22552604.8901,16473259.9925,12427327.3506,8857295.6452,1220.355882352941,744423.1067458394,142.0,15.0,127.0,372.83,671.96,31.56,0.64,13,64.50999999999999,13.066666666666666
59,1150053000,강서구,등촌2동,89,6917,1.287,6642979.8742,9410089.0193,8798577.9357,7757384.7874,6462487.5308,1220.355882352941,744423.1067458394,33.0,8.0,25.0,376.69,861.41,184.55,0.92,38,64.50999999999999,11.125
60,1150053500,강서구,등촌3동,220,11055,1.99,25676844.0122,32823886.971499998,31797516.5251,27083752.2605,20420186.8357,1220.355882352941,744423.1067458394,119.0,2.0,117.0,462.94,663.24,95.78,0.79,12,64.50999999999999,110.0
61,1150061100,강서구,발산1동,282,14035,2.009,18900083.2227,21112281.585,26795861.526,21022424.2352,13614344.9538,981.9341176470588,744423.1067458394,352.0,41.0,311.0,767.67,1216.02,66.99,2.94,37,64.50999999999999,6.878048780487805
62,1150063000,강서구,방화1동,279,15057,1.853,14069556.1002,22510505.5251,24545173.1366,19618673.551,15584472.281200001,1220.355882352941,744423.1067458394,292.0,15.0,277.0,459.37,1115.11,70.33,1.48,37,64.50999999999999,18.6
63,1150064000,강서구,방화2동,327,9495,3.444,17923527.0971,25012535.7463,23358482.1353,21170730.6906,15436683.7423,2707.234117647059,744423.1067458394,138.0,34.0,104.0,1504.09,2254.74,325.21,6.41,45,64.50999999999999,9.617647058823529
64,1150064100,강서구,방화3동,86,7212,1.192,5746300.1385,10010565.5307,10862925.2379,9667913.4517,8403842.2014,1220.355882352941,744423.1067458394,97.0,15.0,82.0,437.44,842.6,199.57,2.55,17,64.50999999999999,5.733333333333333
65,1150051000,강서구,염창동,316,15612,2.024,13410355.5276,22925063.994,22412156.7766,15769248.0233,11736382.8845,1220.355882352941,744423.1067458394,207.0,6.0,201.0,555.83,1015.87,39.19,1.74,14,64.50999999999999,52.666666666666664
66,1150061500,강서구,우장산동,196,14501,1.352,20045160.927,21877358.6131,25594102.8138,20034813.0436,15148216.5042,1220.355882352941,744423.1067458394,158.0,1.0,157.0,528.22,809.16,187.09,1.36,42,64.50999999999999,196.0
67,1150054000,강서구,화곡1동,154,15662,0.983,27849187.9467,34362828.9297,30154998.8834,26207995.017,21734652.2569,1220.355882352941,744423.1067458394,35.0,5.0,30.0,488.76,695.25,268.24,1.12,66,64.50999999999999,30.8
68,1150055000,강서구,화곡2동,57,4766,1.196,5503260.6202,7266186.4112,8136870.8482,7032462.9019,5580393.3283,1220.355882352941,744423.1067458394,15.0,2.0,13.0,390.99,451.78,51.26,0.45,45,64.50999999999999,28.5
69,1150056000,강서구,화곡3동,62,6324,0.98,9818565.9394,11561537.1546,12017283.5553,10665315.8348,9894280.123300001,1220.355882352941,744423.1067458394,95.0,1.0,94.0,294.59,461.57,149.37,0.53,39,64.50999999999999,62.0
70,1150057000,강서구,화곡4동,76,5779,1.315,7446468.7105,10070926.5536,10742013.5711,9620370.5289,8273326.8861,1220.355882352941,744423.1067458394,7.0,2.0,5.0,396.26,727.08,216.44,0.82,56,64.50999999999999,38.0
71,1150059100,강서구,화곡6동,93,8259,1.126,13149363.8749,15681237.2805,14485348.6767,12498322.0397,9682392.7252,1220.355882352941,744423.1067458394,76.0,5.0,71.0,387.91,552.4,96.94,1.11,55,64.50999999999999,18.6
72,1150059300,강서구,화곡8동,81,5986,1.353,18638886.0626,22364774.265,23311762.9158,18632259.824,13460952.0515,743.2341176470588,744423.1067458394,27.0,2.0,25.0,468.83,585.69,213.76,0.53,35,64.50999999999999,40.5
73,1150059000,강서구,화곡본동,90,9127,0.986,14292654.1251,18107760.6605,16152049.4154,12713158.5316,10794190.884300001,1220.355882352941,744423.1067458394,12.0,4.0,8.0,291.85,354.96,112.14,0.98,37,64.50999999999999,22.5
74,1162058500,관악구,낙성대동,69,3832,1.801,31119537.9184,20234318.3985,13639184.6533,10791246.496,7264647.1088,1755.0023529411765,570036.52,111.0,31.0,80.0,541.46,1570.72,111.58,2.27,3,48.17,2.225806451612903
75,1162077500,관악구,난곡동,66,6196,1.065,7788053.6741,8377178.6844,9782061.503800001,10079541.8489,7974855.0836000005,1755.0023529411765,570036.52,10.0,3.0,7.0,356.79,573.16,266.22,0.96,4,48.17,22.0
76,1162071500,관악구,난향동,76,4773,1.592,3057957.086,4163053.3309,6402128.8602,5649428.4487,4379966.2792,1755.0023529411765,570036.52,29.0,2.0,27.0,263.31,434.07,62.42,0.8,2,48.17,38.0
77,1162063000,관악구,남현동,70,5027,1.392,19441692.3188,17303532.9477,14056222.2377,14312511.3762,11318320.3331,1755.0023529411765,570036.52,53.0,20.0,33.0,1245.76,1536.08,1013.4,3.27,3,48.17,3.5
78,1162073500,관악구,대학동,138,5063,2.726,62592865.7072,32009544.3301,22066940.7247,18122710.1197,10980900.993,1755.0023529411765,570036.52,95.0,38.0,57.0,1314.11,2103.02,470.38,8.3,1,48.17,3.6315789473684212
79,1162076500,관악구,미성동,103,8268,1.246,10747155.7149,11622666.5924,11971834.3593,11955976.5214,9567562.4838,1755.0023529411765,570036.52,54.0,1.0,53.0,498.57,819.12,28.49,1.38,5,48.17,103.0
80,1162052500,관악구,보라매동,138,6389,2.16,12583279.1495,13702765.7501,12003156.9298,10121720.9671,7526818.079,1755.0023529411765,570036.52,29.0,5.0,24.0,433.47,628.83,31.79,0.76,3,48.17,27.6
81,1162074500,관악구,삼성동,72,5643,1.276,10989787.0107,10157702.7854,11057162.9777,11735672.7727,10261402.2554,1755.0023529411765,570036.52,67.0,1.0,66.0,469.77,1076.84,87.77,2.66,4,48.17,72.0
82,1162066500,관악구,서림동,98,5489,1.785,15367963.5616,11975037.5991,8896220.9526,7432327.477,5478409.394,1755.0023529411765,570036.52,27.0,22.0,5.0,291.52,409.12,70.06,0.99,1,48.17,4.454545454545454
83,1162064500,관악구,서원동,84,4981,1.686,23124513.7579,18171014.9797,11709991.2045,10745629.2007,8047304.487,1755.0023529411765,570036.52,17.0,6.0,11.0,419.67,508.56,267.77,0.65,2,48.17,14.0
84,1162056500,관악구,성현동,128,8417,1.521,9205675.0371,10260782.019,13800204.8245,11621408.0668,8898190.838,1755.0023529411765,570036.52,105.0,2.0,103.0,166.47,557.38,54.79,0.68,1,48.17,64.0
85,1162069500,관악구,신림동,111,4558,2.435,34986865.1786,26159118.2869,16993913.3885,13468136.3403,9851591.2954,1755.0023529411765,570036.52,11.0,4.0,7.0,312.63,387.71,245.48,0.54,5,48.17,27.75
86,1162068500,관악구,신사동,51,4907,1.039,16013689.8955,13908299.7305,10755530.3827,10700362.3314,8497784.8128,1755.0023529411765,570036.52,19.0,8.0,11.0,307.73,456.57,62.92,,7,48.17,6.375
87,1162065500,관악구,신원동,38,3302,1.151,14109942.2196,11672901.4494,8487455.5488,8024433.8419,6191261.4193,1755.0023529411765,570036.52,12.0,1.0,11.0,261.68,553.94,102.51,0.55,2,48.17,38.0
88,1162060500,관악구,은천동,119,8592,1.385,16200821.6309,17745979.6775,17689109.9256,15614907.726400001,12626625.8923,1755.0023529411765,570036.52,82.0,2.0,80.0,269.51,546.31,29.5,0.78,2,48.17,59.5
89,1162062500,관악구,인헌동,68,5744,1.184,18362748.2469,16615864.7598,12686148.695,11304925.2579,8552359.5904,1755.0023529411765,570036.52,20.0,3.0,17.0,286.88,689.41,127.27,1.08,4,48.17,22.666666666666668
90,1162072500,관악구,조원동,103,5727,1.798,24591220.2877,30833196.185,24936321.4253,20655206.5885,12813395.1764,1755.0023529411765,570036.52,45.0,6.0,39.0,372.84,529.48,48.03,0.67,5,48.17,17.166666666666668
91,1162061500,관악구,중앙동,33,2929,1.127,14171955.5957,11434294.1754,8620230.2072,7850301.2833,5757201.8949,1755.0023529411765,570036.52,14.0,0.0,14.0,247.87,285.16,65.21,0.39,2,48.17,33.0
92,1162059500,관악구,청룡동,172,7573,2.271,43459210.164,30314455.7657,20406206.6706,19322423.9848,14000866.9769,1755.0023529411765,570036.52,37.0,7.0,30.0,363.12,750.41,53.59,1.18,4,48.17,24.571428571428573
93,1162054500,관악구,청림동,45,4275,1.053,3794546.2032,5184364.0095,5846086.6639,4867432.8068,4048721.3666,1755.0023529411765,570036.52,25.0,0.0,25.0,254.66,392.11,55.9,0.3,1,48.17,45.0
94,1162057500,관악구,행운동,77,6122,1.258,19229193.4073,17056549.3798,13006249.7255,11197681.9422,8473793.6456,1755.0023529411765,570036.52,84.0,0.0,84.0,400.09,914.75,199.83,0.72,1,48.17,77.0
95,1120081000,광진구,광장동,183,11636,1.573,17631144.672283784,19122577.665293366,18954645.81039091,16188837.369997052,11358200.974532925,573.044705882353,656874.839,0.0,0.0,0.0,0.0,0.0,0.0,2.39,8,32.099999999999994,183.0
96,1120085000,광진구,구의1동,94,7025,1.338,17631144.672283784,19122577.665293366,18954645.81039091,16188837.369997052,11358200.974532925,573.044705882353,656874.839,0.0,0.0,0.0,0.0,0.0,0.0,0.56,9,32.099999999999994,94.0
97,1120086000,광진구,구의2동,104,7273,1.43,17631144.672283784,19122577.665293366,18954645.81039091,16188837.369997052,11358200.974532925,573.044705882353,656874.839,0.0,0.0,0.0,0.0,0.0,0.0,1.39,10,32.099999999999994,104.0
98,1120087000,광진구,구의3동,112,9002,1.244,17631144.672283784,19122577.665293366,18954645.81039091,16188837.369997052,11358200.974532925,573.044705882353,656874.839,0.0,0.0,0.0,0.0,0.0,0.0,1.02,7,32.099999999999994,112.0
99,1120073000,광진구,군자동,84,4896,1.716,17631144.672283784,19122577.665293366,18954645.81039091,16188837.369997052,11358200.974532925,573.044705882353,656874.839,0.0,0.0,0.0,0.0,0.0,0.0,0.74,8,32.099999999999994,84.0
100,1120078000,광진구,능동,45,3041,1.48,17631144.672283784,19122577.665293366,18954645.81039091,16188837.369997052,11358200.974532925,573.044705882353,656874.839,0.0,0.0,0.0,0.0,0.0,0.0,1.1,5,32.099999999999994,45.0
101,1121582000,광진구,자양1동,145,7075,2.049,20042485.9587,18281567.5041,16604337.801,15851045.4908,11530411.447900001,573.0447058823529,656874.839,30.0,3.0,27.0,271.09,406.41,51.67,0.57,7,32.099999999999994,48.333333333333336
102,1121583000,광진구,자양2동,84,7583,1.108,11017079.7354,13931646.515,14182656.167200001,12987773.3379,10122573.3575,573.0447058823529,656874.839,53.0,6.0,47.0,407.14,793.92,61.97,1.68,9,32.099999999999994,14.0
103,1121584000,광진구,자양3동,163,8915,1.828,15954363.3472,16779596.257600002,16894332.320100002,15505219.1169,11076355.7999,573.0447058823529,656874.839,159.0,17.0,142.0,440.97,733.49,78.24,1.2,6,32.099999999999994,9.588235294117647
104,1121584700,광진구,자양4동,80,5663,1.413,27609575.4049,22019625.0807,18851766.8038,18567683.3177,13615490.7997,573.0447058823529,656874.839,71.0,3.0,68.0,445.56,697.42,49.08,1.16,7,32.099999999999994,26.666666666666668
105,1121574000,광진구,중곡1동,64,4680,1.368,10071324.0621,12288248.076200001,10393992.2909,10496847.7598,7831752.5085,573.0447058823529,656874.839,4.0,0.0,4.0,300.38,397.53,243.23,0.62,6,32.099999999999994,64.0
106,1121575000,광진구,중곡2동,53,5067,1.046,9849661.6613,12302219.7171,11131782.6808,11027112.391,7903510.7162,573.0447058823529,656874.839,8.0,1.0,7.0,314.56,436.67,195.51,0.55,6,32.099999999999994,53.0
107,1121576000,광진구,중곡3동,52,4011,1.296,7973816.0841,10422423.4711,9689746.115,10719403.9396,8053320.0423,573.0447058823529,656874.839,37.0,11.0,26.0,380.04,461.83,134.4,0.6,8,32.099999999999994,4.7272727272727275
108,1121577000,광진구,중곡4동,99,7234,1.369,11697057.0055,13788916.0687,13917968.1043,15580328.0072,13334272.1981,573.0447058823529,656874.839,9.0,0.0,9.0,779.75,916.0,513.59,2.32,14,32.099999999999994,99.0
109,1121571000,광진구,화양동,57,4052,1.407,77244587.9924,31832831.1468,21929359.8929,18267895.2999,11382281.3969,573.0447058823529,656874.839,85.0,5.0,80.0,483.36,710.09,323.25,1.16,7,32.099999999999994,11.4
110,1153059500,구로구,가리봉동,17,2797,0.608,8176891.5289,11068845.4341,9434934.5914,8643077.2317,5375628.9047,719.7217647058824,399789.52,20.0,9.0,11.0,454.95,858.67,149.51,0.4,7,49.01,1.8888888888888888
111,1153074000,구로구,개봉1동,190,11038,1.721,13479765.2887,18915527.9554,19266234.9317,19950497.6715,17094057.4589,952.6835294117648,399789.52,70.0,2.0,68.0,599.5,945.07,109.06,1.31,59,49.01,95.0
112,1153075000,구로구,개봉2동,103,9150,1.126,9794455.7664,13263466.4386,13780050.528,12874434.8686,12024307.405100001,719.7217647058824,399789.52,116.0,0.0,116.0,275.31,516.4,51.11,0.8,13,49.01,103.0
113,1153076000,구로구,개봉3동,39,5668,0.688,5981374.8789,8284744.0122,10154824.3521,9771973.5967,8732738.749,443.8552941176471,399789.52,57.0,2.0,55.0,313.81,748.81,157.1,0.81,23,49.01,19.5
114,1153072000,구로구,고척1동,163,9427,1.729,14821676.3523,15412919.0377,16208439.2964,15834542.1112,12013963.1692,719.7217647058824,399789.52,203.0,17.0,186.0,372.4,693.52,122.24,1.16,11,49.01,9.588235294117647
115,1153073000,구로구,고척2동,100,8530,1.172,5316721.9735,6621918.3261,8847053.732,8867007.9913,7074756.9852,719.7217647058824,399789.52,75.0,3.0,72.0,375.33,814.81,30.86,1.02,25,49.01,33.333333333333336
116,1153052000,구로구,구로1동,1829,16195,11.294,6305239.5445,9872155.0754,10866125.430300001,8870206.6113,7117061.1117,719.7217647058824,399789.52,73.0,2.0,71.0,435.25,805.75,29.1,1.02,9,49.01,914.5
117,1153053000,구로구,구로2동,238,10653,2.234,19242717.1521,27430721.889200002,30230198.8952,30427774.3498,21520166.9463,719.7217647058824,399789.52,204.0,7.0,197.0,830.57,1186.7,171.4,1.76,33,49.01,34.0
118,1153054000,구로구,구로3동,201,8940,2.248,47385039.4361,60303463.6407,51585450.1097,33182716.3973,17144283.267500002,719.7217647058824,399789.52,339.0,28.0,311.0,335.49,626.23,35.82,1.02,3,49.01,7.178571428571429
119,1153055000,구로구,구로4동,1797,7397,24.294,8244741.8282,12551801.4967,14147910.6155,15753875.3427,11761861.6917,719.7217647058824,399789.52,61.0,5.0,56.0,326.3,517.78,162.46,0.46,20,49.01,359.4
120,1153056000,구로구,구로5동,261,11864,2.2,23982550.758700002,30452616.4089,28170146.153500002,24846277.9198,16905365.6542,719.7217647058824,399789.52,208.0,8.0,200.0,464.42,669.21,62.84,1.03,34,49.01,32.625
121,1153079000,구로구,수궁동,92,8073,1.14,9846163.6203,12240880.4803,14319881.5938,13219184.3197,11467697.114,719.7217647058824,399789.52,35.0,4.0,31.0,482.19,952.01,363.72,2.67,18,49.01,23.0
122,1153051000,구로구,신도림동,192,12993,1.478,19709307.0962,27434147.6876,27608314.5716,21387887.8087,15116523.1432,989.3211764705884,399789.52,320.0,9.0,311.0,418.74,947.43,74.0,1.47,12,49.01,21.333333333333332
123,1153077000,구로구,오류1동,93,7010,1.327,10193836.579,11882060.5287,9884257.2207,9925142.2837,8199328.2927,719.7217647058824,399789.52,71.0,4.0,67.0,349.43,569.29,150.65,0.59,7,49.01,23.25
124,1153078000,구로구,오류2동,176,13127,1.341,19016766.4541,30020458.7655,34051917.6989,27299177.6768,20787085.6903,493.0270588235294,399789.52,175.0,12.0,163.0,711.24,1577.91,296.18,3.2,9,49.01,14.666666666666666
125,1153080000,구로구,항동,134,4598,2.914,17631144.672283784,19122577.665293366,18954645.81039091,16188837.369997052,11358200.974532925,719.7217647058824,399789.52,147.0,2.0,145.0,536.98,1135.49,196.11,1.4,0,49.01,67.0
126,1154551000,금천구,가산동,407,21458,1.897,80133738.6251,100262142.2631,81900484.1354,57800155.386,26631683.2063,764.0850980392157,336212.191,740.0,99.0,641.0,654.87,1295.35,53.59,2.52,8,55.09,4.111111111111111
127,1154561000,금천구,독산1동,294,18301,1.606,24846405.950600002,34048783.0675,29150502.4532,27058480.9619,18881409.7317,1255.2523529411765,336212.191,344.0,45.0,299.0,484.47,1596.34,142.43,2.09,8,55.09,6.533333333333333
128,1154562000,금천구,독산2동,56,5080,1.102,6372859.1959,8694000.374,8371900.6028,9506333.8883,7242065.9708,1367.0352450980392,336212.191,7.0,4.0,3.0,305.92,508.46,220.64,0.6,7,55.09,14.0
129,1154563000,금천구,독산3동,81,7855,1.031,10199277.94,12994169.7679,12347203.3386,13901118.8344,11394952.8861,1367.0352450980392,336212.191,19.0,2.0,17.0,386.25,455.68,119.68,0.92,8,55.09,40.5
130,1154564000,금천구,독산4동,43,4499,0.956,6295563.1464,8274649.3735,7676151.1914,9027406.6109,6804108.385,1367.0352450980392,336212.191,6.0,2.0,4.0,252.5,376.54,53.79,0.59,5,55.09,21.5
131,1154567000,금천구,시흥1동,189,11847,1.595,14471432.0272,19200342.7935,19998228.618300002,21431152.7495,15549639.330500001,1367.0352450980392,336212.191,110.0,8.0,102.0,522.93,762.91,122.41,1.71,5,55.09,23.625
132,1154568000,금천구,시흥2동,103,7135,1.444,4483006.3716,6551851.1202,8701704.1952,8041334.2939,7144475.0963,1826.781176470588,336212.191,91.0,5.0,86.0,284.02,612.97,90.17,1.26,3,55.09,20.6
133,1154569000,금천구,시흥3동,64,4339,1.475,4389051.197,6612989.1255,7846056.4719,8469475.0484,6621949.2408,1622.0223529411765,336212.191,56.0,11.0,45.0,612.0,692.03,17.34,1.07,2,55.09,5.818181818181818
134,1154570000,금천구,시흥4동,60,6117,0.981,4146140.5667,5561157.0239,5968820.5055,6852657.7782,5817728.5431,1367.0352450980392,336212.191,28.0,9.0,19.0,385.67,639.04,123.16,0.87,14,55.09,6.666666666666667
135,1154571000,금천구,시흥5동,86,5279,1.629,4698734.2062,6033117.5515,7240247.1623,8409598.4131,6491152.1493,1367.0352450980392,336212.191,12.0,2.0,10.0,425.59,608.64,265.92,1.39,12,55.09,43.0
136,1135059500,노원구,공릉1동,169,10933,1.546,30926409.1634,24887392.0474,26976919.6005,26401369.2493,22166339.6025,1508.0736764705882,656307.5661420082,176.0,8.0,168.0,672.04,945.66,75.28,1.41,43,60.41,21.125
137,1135060000,노원구,공릉2동,192,13207,1.454,43632343.757,23993212.1449,27700173.3794,24518594.8158,17749008.5546,1157.0164705882353,656307.5661420082,328.0,22.0,306.0,1209.94,1788.07,556.12,6.82,16,60.41,8.727272727272727
138,1135072000,노원구,상계10동,59,5348,1.103,8477954.4174,8517526.2296,8798697.7426,9419392.2556,7054671.6529,1508.0736764705882,656307.5661420082,14.0,0.0,14.0,415.11,659.0,45.41,0.8,2,60.41,59.0
139,1135063000,노원구,상계1동,357,13685,2.609,14623241.8674,16967263.4357,20942308.0497,24007416.4591,20953767.6227,1602.119411764706,656307.5661420082,221.0,6.0,215.0,1102.71,1869.27,751.92,5.62,18,60.41,59.5
140,1135064000,노원구,상계2동,138,5975,2.31,22834496.6579,18141003.4626,19530053.426,22442923.9692,16687770.2912,1508.0736764705882,656307.5661420082,89.0,24.0,65.0,400.26,567.75,30.31,0.61,15,60.41,5.75
141,1135066500,노원구,상계3.4동,166,8762,1.895,8001955.9138,8251004.8292000005,11485666.0088,14235662.9802,12476006.3873,1508.0736764705882,656307.5661420082,71.0,3.0,68.0,1156.65,1643.6,248.01,5.05,13,60.41,55.333333333333336
142,1135067000,노원구,상계5동,73,5858,1.246,8304578.9541,8243324.5134000005,10478147.1492,13186298.064100001,10998686.322,1508.0736764705882,656307.5661420082,68.0,1.0,67.0,405.59,460.45,118.1,1.01,17,60.41,73.0
143,1135069500,노원구,상계6.7동,103,8924,1.154,28035244.6312,28127097.4298,31782135.0313,33777936.8693,23333069.3951,735.1858823529411,656307.5661420082,60.0,14.0,46.0,401.07,745.02,54.81,1.11,12,60.41,7.357142857142857
144,1135070000,노원구,상계8동,66,6404,1.031,5682549.1018,9223330.6281,9295295.8004,8491963.3073,6931717.0651,1508.0736764705882,656307.5661420082,5.0,3.0,2.0,290.29,353.1,191.66,0.67,3,60.41,22.0
145,1135071000,노원구,상계9동,63,5742,1.097,6777118.9131,8652191.8051,9570839.7663,9961025.8106,8569401.1202,1508.0736764705882,656307.5661420082,2.0,0.0,2.0,410.85,410.87,410.83,0.81,4,60.41,63.0
146,1135056000,노원구,월계1동,103,6546,1.573,21315401.7936,11267125.9929,13362991.1142,12422362.9885,10668747.0371,1508.0736764705882,656307.5661420082,117.0,4.0,113.0,452.79,825.92,158.5,1.16,13,60.41,25.75
147,1135057000,노원구,월계2동,124,7697,1.611,9300901.2514,8093674.515,10611243.0884,10721779.0328,9195161.7139,1508.0736764705882,656307.5661420082,161.0,3.0,158.0,503.71,938.59,127.35,1.94,1,60.41,41.333333333333336
148,1135058000,노원구,월계3동,112,8790,1.274,10086154.7338,12520280.4246,14570294.3142,13988573.3604,11786166.6039,2537.9729411764706,656307.5661420082,178.0,6.0,172.0,721.04,1033.75,133.42,1.17,2,60.41,18.666666666666668
149,1135062100,노원구,중계1동,94,8557,1.099,8553047.6949,7188162.4272,16594809.0519,13596691.6161,7926328.9718,1508.0736764705882,656307.5661420082,171.0,18.0,153.0,263.27,488.09,75.16,0.63,5,60.41,5.222222222222222
150,1135062500,노원구,중계2.3동,111,8404,1.321,13899223.86,14794304.1237,21334812.0978,20826558.1657,15581770.450000001,1508.0736764705882,656307.5661420082,77.0,12.0,65.0,405.83,627.54,289.03,0.9,2,60.41,9.25
151,1135062400,노원구,중계4동,86,5690,1.511,6565425.3752,5922877.4306,9277676.9036,10703560.7555,8169244.3691,1508.0736764705882,656307.5661420082,43.0,1.0,42.0,631.8,821.19,376.62,1.7,4,60.41,86.0
152,1135061900,노원구,중계본동,105,7805,1.345,8092960.9716,6326950.0761,15014680.5127,12945384.4025,6854875.5103,1508.0736764705882,656307.5661420082,80.0,5.0,75.0,374.37,636.01,111.61,1.97,8,60.41,21.0
153,1135061100,노원구,하계1동,84,7401,1.135,15790589.8379,11055719.9263,15415444.187,16641010.179,12809136.505,1508.0736764705882,656307.5661420082,75.0,8.0,67.0,414.17,679.9,102.38,1.55,17,60.41,10.5
154,1135061200,노원구,하계2동,62,6238,0.994,7392626.8443,7843022.6321,10318002.8323,10700385.0949,8630402.9032,1508.0736764705882,656307.5661420082,66.0,1.0,65.0,507.03,562.12,199.03,0.51,0,60.41,62.0
155,1132052100,도봉구,도봉1동,186,6576,2.828,7587786.8185,8411428.7524,10789686.975,14082026.6359,13913024.2174,966.7023529411764,417581.139,74.0,40.0,34.0,1540.45,2039.62,1163.13,8.72,68,60.85,4.65
156,1132052200,도봉구,도봉2동,124,8464,1.465,7817177.2362,9466854.669400001,10937630.7421,12263824.1105,11251240.1338,901.8911764705884,417581.139,155.0,17.0,138.0,447.26,1171.19,106.93,0.83,15,60.85,7.294117647058823
157,1132069000,도봉구,방학1동,300,10034,2.99,12177698.2234,13905788.6338,16641589.7052,19514403.619,14939522.3091,901.8911764705884,417581.139,182.0,25.0,157.0,309.32,768.2,21.45,0.69,68,60.85,12.0
158,1132070000,도봉구,방학2동,74,4680,1.581,4624461.7004,4907992.1731,6549262.8884,8040400.3935,7196373.1562,901.8911764705884,417581.139,13.0,7.0,6.0,379.44,733.2,96.08,0.74,56,60.85,10.571428571428571
159,1132071000,도봉구,방학3동,169,8360,2.022,6610347.5183,7834326.6592,10721507.7781,11366480.5642,11000178.3502,901.8911764705884,417581.139,103.0,8.0,95.0,523.08,919.34,221.36,2.62,7,60.85,21.125
160,1132066000,도봉구,쌍문1동,88,6375,1.38,10462114.0017,7502511.9163,9318121.9337,9930836.0949,8545313.5683,901.8911764705884,417581.139,57.0,4.0,53.0,561.3,783.9,192.07,1.24,42,60.85,22.0
161,1132067000,도봉구,쌍문2동,54,4879,1.107,8002512.4867,9509601.9318,10270216.4911,11621131.63,9607216.505,901.8911764705884,417581.139,23.0,11.0,12.0,389.15,634.46,274.7,0.54,47,60.85,4.909090909090909
162,1132068000,도봉구,쌍문3동,42,3960,1.061,9150835.687,9567309.1967,9850529.3585,10727453.633,9015111.1022,901.8911764705884,417581.139,52.0,2.0,50.0,237.15,420.38,86.72,0.5,27,60.85,21.0
163,1132068100,도봉구,쌍문4동,49,5371,0.912,5020947.2148,5852338.6363,7371855.489,7657506.0619,7028255.1374,901.8911764705884,417581.139,36.0,1.0,35.0,313.29,504.34,92.84,0.52,18,60.85,49.0
164,1132051100,도봉구,창1동,125,8328,1.501,9704598.9354,11395489.9399,12707459.2158,13733365.0524,10935110.6989,901.8911764705884,417581.139,53.0,3.0,50.0,516.34,782.24,139.73,0.88,16,60.85,41.666666666666664
165,1132051200,도봉구,창2동,105,7952,1.32,14297661.91,15736711.5295,17119290.7945,17357414.4185,14395654.9272,837.08,417581.139,73.0,4.0,69.0,293.56,567.44,63.85,1.05,35,60.85,26.25
166,1132051300,도봉구,창3동,48,3610,1.33,4185724.7113,4219742.7425,6242140.8586,7154415.3183,5629030.5153,901.8911764705884,417581.139,28.0,3.0,25.0,344.1,499.93,137.86,0.67,22,60.85,16.0
167,1132051400,도봉구,창4동,122,8600,1.419,12541719.6586,13790788.3142,16781983.8503,20318980.6532,16533688.4607,901.8911764705884,417581.139,145.0,22.0,123.0,593.02,1191.99,100.01,0.95,10,60.85,5.545454545454546
168,1132051500,도봉구,창5동,84,7676,1.094,10529284.6207,11847568.8575,12530584.5001,14093543.872,11869385.8972,901.8911764705884,417581.139,60.0,7.0,53.0,363.08,729.6,65.95,0.7,19,60.85,12.0
169,1123060000,동대문구,답십리1동,208,9851,2.111,10447956.8043,14145456.873,15747644.418300001,13676705.2192,10393353.5518,2816.529411764706,187884.52,146.0,7.0,139.0,403.94,668.18,89.82,0.81,28,8.480000000000004,29.714285714285715
170,1123061000,동대문구,답십리2동,128,8802,1.454,9147763.2935,13111602.3081,14492237.0245,13872028.5408,11112876.2069,2816.529411764706,187884.52,129.0,5.0,124.0,364.59,799.92,120.2,0.85,29,8.480000000000004,25.6
171,1123053600,동대문구,용신동,242,12322,1.964,32170848.7932,32515498.0828,33153939.3747,33887104.1515,26394377.7254,2816.529411764706,187884.52,143.0,16.0,127.0,550.5,908.34,71.29,1.61,97,8.480000000000004,15.125
172,1123074000,동대문구,이문1동,58,3942,1.471,47166116.4404,11904069.8617,11590248.1747,11270880.2781,7442677.8536,2816.529411764706,187884.52,76.0,3.0,73.0,375.35,665.86,118.92,1.04,25,8.480000000000004,19.333333333333332
173,1123075000,동대문구,이문2동,60,5405,1.11,6457166.8005,5929436.8661,8555856.2603,7541790.9949,5938421.9511,2816.529411764706,187884.52,68.0,2.0,66.0,263.5,477.01,146.78,0.69,31,8.480000000000004,30.0
174,1123065000,동대문구,장안1동,181,13291,1.362,19919698.9888,27287360.0809,27934559.55,25498821.5356,19687376.8524,2816.529411764706,187884.52,117.0,6.0,111.0,594.61,821.97,140.99,1.25,86,8.480000000000004,30.166666666666668
175,1123066000,동대문구,장안2동,145,10821,1.34,13199735.6206,17775113.311,21622499.5892,18625627.9593,13248314.698,2816.529411764706,187884.52,81.0,2.0,79.0,474.54,885.93,167.8,1.09,57,8.480000000000004,72.5
176,1123056000,동대문구,전농1동,165,9131,1.807,25292800.9377,19886176.8104,21848875.5454,20774334.0638,15939298.0931,2816.529411764706,187884.52,79.0,2.0,77.0,376.01,873.92,219.02,1.19,102,8.480000000000004,82.5
177,1123057000,동대문구,전농2동,77,5462,1.41,12464312.4829,8150051.8079,9855924.112,9289704.4351,7272644.8199,2816.529411764706,187884.52,111.0,5.0,106.0,440.59,629.82,7.0,0.86,8,8.480000000000004,15.4
178,1123054500,동대문구,제기동,88,6181,1.424,30358248.789,16726398.264,18772885.9675,21404333.6761,19135908.9181,2816.529411764706,187884.52,71.0,7.0,64.0,435.83,815.91,100.62,1.18,58,8.480000000000004,12.571428571428571
179,1123070500,동대문구,청량리동,71,4982,1.425,14020137.288,12752071.636,13949465.5886,16065198.1643,14987670.2074,2816.529411764706,187884.52,44.0,6.0,38.0,461.98,835.21,182.3,1.2,55,8.480000000000004,11.833333333333334
180,1123071000,동대문구,회기동,29,2059,1.408,36580118.9839,11424496.0058,10153610.4378,9445224.4298,6217147.0027,2816.529411764706,187884.52,13.0,2.0,11.0,425.56,516.55,289.79,0.76,15,8.480000000000004,14.5
181,1123072000,동대문구,휘경1동,74,3969,1.864,21950995.2814,9810273.9524,8818613.6016,9455604.5127,7115021.4353,2816.529411764706,187884.52,54.0,0.0,54.0,254.81,808.83,88.28,0.63,20,8.480000000000004,74.0
182,1123073000,동대문구,휘경2동,93,6344,1.466,17511881.673,9809959.1086,10399107.0073,10516036.0918,7793720.6459,2816.529411764706,187884.52,155.0,13.0,142.0,625.96,891.67,192.64,1.05,8,8.480000000000004,7.153846153846154
183,1159051000,동작구,노량진1동,145,8882,1.633,45734384.9348,28503908.9562,19783336.4866,17513914.0732,12702769.3412,1455.224705882353,293285.5556247791,189.0,0.0,189.0,512.63,727.29,184.48,1.58,8,15.930000000000007,145.0
184,1159052000,동작구,노량진2동,47,2216,2.121,17263911.3573,13617840.4134,11467986.1629,12105089.7043,8628926.701,3229.5911764705884,293285.5556247791,13.0,3.0,10.0,501.59,600.73,153.85,0.64,5,15.930000000000007,15.666666666666666
185,1159066000,동작구,대방동,135,10241,1.318,26734312.5564,24044428.2299,27080460.9527,24106318.528500002,16229968.3083,3229.5911764705884,293285.5556247791,116.0,10.0,106.0,591.57,1071.14,143.57,1.55,15,15.930000000000007,13.5
186,1159062000,동작구,사당1동,76,5451,1.394,19659772.2045,19280283.9628,15127823.447,13815046.0483,11360868.7071,3229.5911764705884,293285.5556247791,17.0,1.0,16.0,441.38,659.24,134.28,0.79,9,15.930000000000007,76.0
187,1159063000,동작구,사당2동,119,8285,1.436,18927504.9394,20691926.338,22565011.6853,20866752.6464,17078963.2553,5003.957647058824,293285.5556247791,115.0,7.0,108.0,723.23,1062.4,533.86,2.75,11,15.930000000000007,17.0
188,1159064000,동작구,사당3동,96,6993,1.373,8192874.1388,10135797.2802,11128630.0285,9987330.1907,8679565.8382,3229.5911764705884,293285.5556247791,82.0,1.0,81.0,253.66,832.26,162.61,0.92,6,15.930000000000007,96.0
189,1159065000,동작구,사당4동,47,3471,1.354,7384342.1346,8564054.5704,8243645.9991,7032996.6876,6397634.3667,3229.5911764705884,293285.5556247791,19.0,0.0,19.0,217.22,479.71,87.53,0.38,6,15.930000000000007,47.0
190,1159065100,동작구,사당5동,73,4130,1.768,5927279.2431,6917579.342,6929007.6922,5929664.0845,4849209.8257,3229.5911764705884,293285.5556247791,38.0,0.0,38.0,646.51,740.05,172.05,0.57,7,15.930000000000007,73.0
191,1159053000,동작구,상도1동,199,12268,1.622,46493067.6914,22079731.622700002,22510607.4818,20860282.0085,15603625.0037,3229.5911764705884,293285.5556247791,177.0,4.0,173.0,325.94,1016.21,33.21,1.51,5,15.930000000000007,49.75
192,1159054000,동작구,상도2동,154,8156,1.888,12274326.203,12720545.2715,13774965.9866,12203466.7477,9502819.724,3229.5911764705884,293285.5556247791,136.0,4.0,132.0,385.69,814.51,80.07,0.98,8,15.930000000000007,38.5
193,1159055000,동작구,상도3동,64,5700,1.123,9063726.5984,9884474.2929,9289690.9621,8781468.5282,7494648.6189,3229.5911764705884,293285.5556247791,22.0,3.0,19.0,429.93,774.46,144.15,0.6,13,15.930000000000007,21.333333333333332
194,1159056000,동작구,상도4동,104,6946,1.497,9050766.26,11347186.3356,11290770.6786,10491530.6179,8581828.0211,3229.5911764705884,293285.5556247791,49.0,5.0,44.0,294.03,659.27,21.35,0.75,7,15.930000000000007,20.8
195,1159067000,동작구,신대방1동,120,7699,1.559,10940054.0899,11763873.3186,12113348.0625,11547924.4554,8895328.6065,3229.5911764705884,293285.5556247791,151.0,9.0,142.0,397.09,746.12,160.81,0.62,6,15.930000000000007,13.333333333333334
196,1159068000,동작구,신대방2동,102,6425,1.588,16006773.319,20347725.8356,20549216.153500002,15811457.8918,10831247.0191,3229.5911764705884,293285.5556247791,231.0,22.0,209.0,496.84,664.9,241.78,1.03,8,15.930000000000007,4.636363636363637
197,1159060500,동작구,흑석동,199,9441,2.108,45048675.4041,18653580.9404,20001645.0433,17853792.198,13128017.8027,3229.5911764705884,293285.5556247791,191.0,7.0,184.0,447.82,856.84,140.52,1.68,11,15.930000000000007,28.428571428571427
198,1144056500,마포구,공덕동,212,11776,1.8,23826915.5225,32547636.8626,30965835.1156,26306153.3361,16712863.9107,2725.0741176470588,1272024.5806318708,190.0,1.0,189.0,567.54,856.92,213.13,1.01,3,44.39,212.0
199,1144060000,마포구,대흥동,69,3863,1.786,36796714.71,18285891.4088,15808034.7932,12794754.3721,8289158.2178,2725.0741176470588,1272024.5806318708,101.0,5.0,96.0,313.81,512.25,160.79,0.87,4,44.39,13.8
200,1144058500,마포구,도화동,108,7809,1.383,10447641.8043,14859849.8158,13759513.9026,11678948.8301,8304408.4122,2725.0741176470588,1272024.5806318708,84.0,8.0,76.0,448.01,706.1,86.37,0.62,2,44.39,13.5
201,1144069000,마포구,망원1동,163,5641,2.89,15080509.5594,17439220.9412,13941052.4294,10576528.9163,7194229.5644,2930.648235294117,1272024.5806318708,42.0,6.0,36.0,325.92,577.43,64.1,1.13,2,44.39,27.166666666666668
202,1144070000,마포구,망원2동,67,5335,1.256,9262736.8092,12077368.3618,12093148.7214,10315929.1242,6792019.0984,2725.0741176470588,1272024.5806318708,34.0,2.0,32.0,488.84,942.29,102.76,0.67,1,44.39,33.5
203,1144074000,마포구,상암동,294,10957,2.683,46378265.1129,59683601.2782,55245095.6227,34576231.8985,17707187.4643,2899.99294117647,1272024.5806318708,412.0,28.0,384.0,1183.09,1764.04,244.09,8.4,3,44.39,10.5
204,1144065500,마포구,서강동,132,7645,1.727,35766708.0103,20868674.0221,17056002.9161,12806917.2655,8244501.4127,2725.0741176470588,1272024.5806318708,158.0,3.0,155.0,541.15,995.8,26.97,1.45,8,44.39,44.0
205,1144066000,마포구,서교동,152,8897,1.708,145358144.8145,93839824.3681,62676005.4233,39624494.5555,21273912.7137,2725.0741176470588,1272024.5806318708,81.0,4.0,77.0,590.32,1158.17,53.66,1.65,2,44.39,38.0
206,1144072000,마포구,성산1동,99,6159,1.607,13996233.3841,17058877.0943,17095748.0233,12027888.7865,7343375.8936,2725.0741176470588,1272024.5806318708,19.0,3.0,16.0,376.0,485.27,244.6,0.8,3,44.39,33.0
207,1144073000,마포구,성산2동,197,11264,1.749,21050449.5849,25528374.0717,25733319.6526,21970742.2917,14590708.8487,2725.0741176470588,1272024.5806318708,188.0,15.0,173.0,494.03,1166.26,113.33,2.07,4,44.39,13.133333333333333
208,1144063000,마포구,신수동,140,7255,1.93,10685008.0878,11031791.3146,12239628.5629,10279680.3607,6748395.1777,2725.0741176470588,1272024.5806318708,128.0,0.0,128.0,353.74,760.69,66.66,0.78,1,44.39,140.0
209,1144055500,마포구,아현동,198,9720,2.037,15363539.7687,23661595.082,22198075.7529,17615643.4286,11672967.256000001,2725.0741176470588,1272024.5806318708,362.0,10.0,352.0,359.95,906.26,100.27,0.76,3,44.39,19.8
210,1144071000,마포구,연남동,76,3927,1.935,21950183.084,17954213.215,12674692.8932,7970684.4125,5084725.1621,2725.0741176470588,1272024.5806318708,15.0,0.0,15.0,245.47,476.62,91.86,0.64,2,44.39,76.0
211,1144061000,마포구,염리동,237,5363,4.419,10255654.5898,13691721.5161,14803917.2482,10721347.8249,6549886.6617,2725.0741176470588,1272024.5806318708,157.0,9.0,148.0,338.51,588.29,23.21,0.44,2,44.39,26.333333333333332
212,1144059000,마포구,용강동,203,10080,2.014,13465086.8562,21125849.3818,22641585.460500002,17319831.8935,10422288.9973,2725.0741176470588,1272024.5806318708,210.0,24.0,186.0,351.4,703.92,58.35,0.84,8,44.39,8.458333333333334
213,1144068000,마포구,합정동,104,5922,1.756,25773838.9735,26220437.2981,18272550.4159,12929814.5886,7943750.0333,2344.581176470588,1272024.5806318708,43.0,5.0,38.0,527.45,803.1,273.6,1.72,2,44.39,20.8
214,1141069000,서대문구,남가좌1동,132,5873,2.248,3424773.0183,4998205.9393,6109812.9333,4865452.2773,3614046.8399,1251.7998039215688,165073.33000000002,54.0,0.0,54.0,226.38,341.03,26.39,0.51,6,12.709999999999994,132.0
215,1141070000,서대문구,남가좌2동,141,8540,1.651,18783587.1933,11412149.7493,12561329.1482,11380573.2645,7778272.4696,1251.7998039215688,165073.33000000002,177.0,13.0,164.0,284.21,630.35,55.12,0.77,40,12.709999999999994,10.846153846153847
216,1141071000,서대문구,북가좌1동,159,7356,2.162,4914138.9778,6950878.6687,9318511.5911,8104705.4317,6097182.8907,1251.7998039215688,165073.33000000002,141.0,1.0,140.0,223.25,456.3,61.83,0.55,25,12.709999999999994,159.0
217,1141072000,서대문구,북가좌2동,147,8674,1.695,16758109.2222,18404461.2739,21066880.3957,18617760.2604,14307868.4315,1251.7998039215688,165073.33000000002,45.0,17.0,28.0,368.77,622.95,21.14,0.84,109,12.709999999999994,8.647058823529411
218,1141055500,서대문구,북아현동,88,4521,1.946,30333088.6531,44692234.5465,43617297.8292,29495879.9725,14547392.7881,1251.7998039215688,165073.33000000002,186.0,4.0,182.0,288.75,479.04,71.54,0.46,15,12.709999999999994,22.0
219,1141058500,서대문구,신촌동,61,3903,1.563,133159143.1618,52170045.4483,36338584.054,31617905.1531,18465236.0532,1207.7211764705885,165073.33000000002,106.0,5.0,101.0,360.58,1218.96,156.88,2.63,44,12.709999999999994,12.2
220,1141061500,서대문구,연희동,199,9806,2.029,36988146.7375,26422104.2159,25509075.9813,21515942.6009,14211796.7484,1146.51,165073.33000000002,63.0,6.0,57.0,773.66,1280.51,212.64,3.05,180,12.709999999999994,33.166666666666664
221,1141052000,서대문구,천연동,75,4886,1.535,8662484.3877,9103821.8464,11106694.866,11183249.6927,7938316.1097,1251.7998039215688,165073.33000000002,66.0,2.0,64.0,386.08,673.4,121.82,0.97,10,12.709999999999994,37.5
222,1141056500,서대문구,충현동,204,6848,2.979,38747112.3411,51091243.3208,50244060.7097,36821378.871700004,18191697.6169,1251.7998039215688,165073.33000000002,115.0,7.0,108.0,624.59,967.0,14.31,1.12,45,12.709999999999994,29.142857142857142
223,1141066000,서대문구,홍은1동,109,7103,1.535,6713020.3001,8128282.2349000005,8717100.645,10230898.1977,8068619.5795,1251.7998039215688,165073.33000000002,52.0,9.0,43.0,430.79,923.32,128.59,1.58,47,12.709999999999994,12.11111111111111
224,1141068500,서대문구,홍은2동,134,8307,1.613,13095608.018000001,11998539.352500001,13260969.8461,13941086.6706,10867037.4237,1401.1682352941175,165073.33000000002,57.0,17.0,40.0,731.72,1242.35,177.19,2.06,47,12.709999999999994,7.882352941176471
225,1141062000,서대문구,홍제1동,119,7169,1.66,11826826.2951,12562689.169,14346219.4168,15565181.4312,13308227.7123,1251.7998039215688,165073.33000000002,77.0,9.0,68.0,477.16,1095.6,244.79,1.23,58,12.709999999999994,13.222222222222221
226,1141065500,서대문구,홍제2동,47,3673,1.28,3882234.0067,5019362.6363,5463487.9087,5991615.8109,4748527.6049,1251.7998039215688,165073.33000000002,52.0,3.0,49.0,296.54,534.28,167.22,1.05,9,12.709999999999994,15.666666666666666
227,1141064000,서대문구,홍제3동,70,4817,1.453,6798057.7822,7696533.9472,8618002.661700001,9742524.6757,8034642.0779,1251.7998039215688,165073.33000000002,47.0,1.0,46.0,332.53,672.41,184.44,0.81,33,12.709999999999994,70.0
228,1165066000,서초구,내곡동,243,8261,2.942,13483791.5517,17697118.8648,21883736.5071,17368398.31,11933832.1102,1727.488161764706,680766.7652878942,232.0,38.0,194.0,1367.67,2568.19,174.47,12.68,2,59.48,6.394736842105263
229,1165056000,서초구,반포1동,317,11453,2.768,24771660.0346,31750179.9651,30897042.7247,19194730.6087,11633506.1011,1727.488161764706,680766.7652878942,140.0,9.0,131.0,426.21,726.3,10.6,1.0,41,59.48,35.22222222222222
230,1165057000,서초구,반포2동,305,8876,3.436,8675715.4081,11472252.14,16968520.9051,13242440.5445,8183576.8816,1846.409411764706,680766.7652878942,143.0,8.0,135.0,414.22,952.63,181.3,1.35,1,59.48,38.125
231,1165058000,서초구,반포3동,162,8505,1.905,14634127.8873,16445515.821800001,23103774.897,20318707.2523,12542312.564100001,424.1058823529412,680766.7652878942,231.0,1.0,230.0,571.67,712.86,197.12,1.28,2,59.48,162.0
232,1165058100,서초구,반포4동,124,6906,1.796,33800407.3392,41124829.7298,45778011.4205,35735344.2999,22922853.3784,1685.2235294117647,680766.7652878942,71.0,20.0,51.0,536.17,981.77,213.8,1.43,38,59.48,6.2
233,1165055000,서초구,반포본동,75,1052,7.129,2811599.1765,3435588.1309,4070237.7729,3525015.6415,2411969.0487,1727.488161764706,680766.7652878942,3.0,0.0,3.0,569.44,569.44,569.44,1.01,1,59.48,75.0
234,1165060000,서초구,방배1동,145,6696,2.165,15485922.413,17340125.9377,16906579.1814,13134724.3331,9034562.999400001,1727.488161764706,680766.7652878942,162.0,9.0,153.0,271.11,565.4,173.65,0.7,39,59.48,16.11111111111111
235,1165061000,서초구,방배2동,74,5829,1.27,15632180.9919,17524150.6088,16725332.0266,15336044.6827,11547089.9796,1326.7211764705885,680766.7652878942,99.0,15.0,84.0,692.65,1359.25,329.08,1.93,44,59.48,4.933333333333334
236,1165062000,서초구,방배3동,99,6091,1.625,9972270.3295,10847912.517,11976400.9856,11904956.5017,8425348.8467,1594.3647058823528,680766.7652878942,148.0,0.0,148.0,553.57,893.53,203.79,2.4,39,59.48,99.0
237,1165062100,서초구,방배4동,133,7805,1.704,15854036.4509,19212336.6125,21820522.7912,17941926.3572,12601829.628800001,1727.488161764706,680766.7652878942,117.0,6.0,111.0,479.3,820.11,142.93,0.98,57,59.48,22.166666666666668
238,1165059000,서초구,방배본동,111,7782,1.426,7782310.9812,9671349.5733,14009097.7674,11184183.4409,7332222.2331,1688.5658823529411,680766.7652878942,141.0,12.0,129.0,321.86,535.26,65.84,0.67,47,59.48,9.25
239,1165051000,서초구,서초1동,923,16718,5.521,26176226.9177,33117276.2443,32594159.3631,24288010.4746,14650803.6166,1727.488161764706,680766.7652878942,140.0,13.0,127.0,492.49,938.9,164.09,1.42,72,59.48,71.0
240,1165052000,서초구,서초2동,273,9777,2.792,46467282.4549,63130995.9445,55387492.468,34589840.9657,17284115.23,1727.488161764706,680766.7652878942,195.0,13.0,182.0,454.66,966.63,83.39,1.24,12,59.48,21.0
241,1165053000,서초구,서초3동,371,15060,2.463,57379253.0556,79099565.3635,76335043.7037,57284378.7141,30154910.9851,1414.21,680766.7652878942,281.0,14.0,267.0,597.52,930.54,102.37,2.93,64,59.48,26.5
242,1165053100,서초구,서초4동,239,11806,2.024,49048962.7996,44243019.3009,39052254.6589,26000551.533,14520052.1445,1727.488161764706,680766.7652878942,315.0,9.0,306.0,437.22,706.56,93.51,0.88,2,59.48,26.555555555555557
243,1165065100,서초구,양재1동,2047,21561,9.494,36289518.8512,55484301.8706,55576307.5433,37743018.8276,23312104.9424,1727.488161764706,680766.7652878942,261.0,10.0,251.0,1016.66,2277.02,339.73,5.76,112,59.48,204.7
244,1165065200,서초구,양재2동,295,12028,2.453,29140876.736,45548003.9927,44659190.2041,34778051.2727,20173314.4241,3840.304705882353,680766.7652878942,201.0,61.0,140.0,1846.33,2953.44,387.18,7.58,150,59.48,4.836065573770492
245,1165054000,서초구,잠원동,187,10358,1.805,22806170.1231,28938154.3252,31606349.936,22331021.5292,12795584.7185,1727.488161764706,680766.7652878942,171.0,5.0,166.0,362.06,920.6,102.92,1.76,24,59.48,37.4
246,1120059000,성동구,금호1가동,103,4783,2.153,5344470.4421,9738639.7901,11114905.7195,8280514.2792,7108178.7218,1504.6037908496735,501442.87,82.0,1.0,81.0,318.68,575.99,132.53,0.46,7,40.9,103.0
247,1120061500,성동구,금호2.3가동,107,6217,1.721,7825383.6467,12490341.0056,13259783.0217,11701950.0725,9368052.8235,1504.6037908496735,501442.87,186.0,4.0,182.0,322.36,560.66,92.2,0.64,9,40.9,26.75
248,1120062000,성동구,금호4가동,115,4494,2.559,5103540.1273,8991714.0756,9334506.434700001,7758316.0762,6143988.3819,1504.6037908496735,501442.87,65.0,2.0,63.0,497.05,878.27,107.08,0.84,2,40.9,57.5
249,1120054000,성동구,마장동,311,8607,3.613,14174596.391,13600908.8026,14634262.779000001,15144415.4777,10993956.7989,1504.6037908496735,501442.87,110.0,13.0,97.0,435.42,709.71,177.46,1.05,40,40.9,23.923076923076923
250,1120055000,성동구,사근동,51,2277,2.24,48815288.987,16200241.7886,13737348.6599,12424516.6848,8045858.9579,1504.6037908496735,501442.87,64.0,8.0,56.0,475.41,711.77,386.79,1.1,9,40.9,6.375
251,1120065000,성동구,성수1가1동,530,8877,5.97,19754401.5485,23036443.2288,16896163.717,13945110.5457,9528840.8908,1504.6037908496735,501442.87,164.0,12.0,152.0,564.99,853.7,285.73,1.97,15,40.9,44.166666666666664
252,1120066000,성동구,성수1가2동,335,8044,4.165,27143207.0762,27754993.1156,20046715.0319,14088485.7034,8389141.2418,1504.6037908496735,501442.87,166.0,16.0,150.0,411.16,657.36,173.13,0.89,24,40.9,20.9375
253,1120067000,성동구,성수2가1동,174,7318,2.378,16828806.8508,19734798.1141,15513063.769,15789301.302,10765727.4515,1504.6037908496735,501442.87,114.0,20.0,94.0,401.13,716.0,89.15,1.17,35,40.9,8.7
254,1120069000,성동구,성수2가3동,135,6812,1.982,54826898.2833,51628710.2472,38391291.3219,27971428.7212,14730863.9168,1504.6037908496735,501442.87,237.0,21.0,216.0,357.41,745.84,107.86,1.03,38,40.9,6.428571428571429
255,1120072000,성동구,송정동,56,2653,2.111,8198008.0895,8218398.1747,7436912.1805,6403278.9129,4214171.5023,1274.08,501442.87,44.0,2.0,42.0,421.52,789.08,260.59,0.75,15,40.9,28.0
256,1120050100,성동구,옥수동,233,8775,2.655,17631144.672283784,19122577.665293366,18954645.81039091,16188837.369997052,11358200.974532925,1504.6037908496735,501442.87,0.0,0.0,0.0,0.0,0.0,0.0,1.94,8,40.9,233.0
257,1120052000,성동구,왕십리2동,75,4459,1.682,8180584.2493,10008379.5795,8789415.005,8420657.7149,6379847.3105,1504.6037908496735,501442.87,215.0,2.0,213.0,284.39,503.51,32.23,0.41,7,40.9,37.5
258,1120053500,성동구,왕십리도선동,188,8163,2.303,19618416.6744,21844885.9631,20614021.2681,18331991.1093,12697039.2808,1504.6037908496735,501442.87,236.0,8.0,228.0,369.77,592.71,57.38,0.72,21,40.9,23.5
259,1120079000,성동구,용답동,121,7477,1.618,15694590.9159,15102535.8869,15318231.9042,15361067.321800001,10632237.6424,1539.7458823529412,501442.87,32.0,9.0,23.0,465.54,947.55,16.27,2.31,26,40.9,13.444444444444445
260,1120058000,성동구,응봉동,58,4523,1.282,3549465.503,5259344.8065,6514674.6572,5565716.6911,4251520.9483,1504.6037908496735,501442.87,65.0,3.0,62.0,311.21,389.03,59.49,0.57,11,40.9,19.333333333333332
261,1120056000,성동구,행당1동,146,4396,3.321,26297744.6712,19315982.5902,19335381.6528,17917067.9428,11448713.7884,1504.6037908496735,501442.87,226.0,2.0,224.0,388.74,657.34,32.62,0.59,8,40.9,73.0
262,1120057000,성동구,행당2동,96,6748,1.423,7494278.7818,10166103.1099,11545511.2769,9811854.5138,7277185.5628,1504.6037908496735,501442.87,252.0,4.0,248.0,273.35,450.38,93.4,0.42,2,40.9,24.0
263,1129066000,성북구,길음1동,200,10909,1.833,12932056.6664,14287335.6361,24632475.2683,17698167.119,11931314.1075,1549.7797647058824,364205.17,231.0,2.0,229.0,383.55,747.54,79.26,0.79,3,27.599999999999994,100.0
264,1129068500,성북구,길음2동,128,6653,1.924,9302198.241,11610760.8079,15030962.2562,12518154.7761,8748476.2489,1549.7797647058824,364205.17,155.0,17.0,138.0,279.48,491.75,144.12,0.58,5,27.599999999999994,7.529411764705882
265,1129058000,성북구,돈암1동,69,4195,1.645,5015279.8114,5537227.0792,6857908.6261,7185421.724,5643881.6498,1125.2388235294118,364205.17,123.0,1.0,122.0,193.06,560.98,74.85,0.49,2,27.599999999999994,69.0
266,1129059000,성북구,돈암2동,140,7651,1.83,4772439.9312,5831720.4836,7723455.1197,7510325.4784,5543608.3984,1549.7797647058824,364205.17,261.0,5.0,256.0,480.64,679.55,87.4,0.48,1,27.599999999999994,28.0
267,1129057500,성북구,동선동,29,3335,0.87,30433237.736,16493048.701,15259488.8773,14084847.8773,8514354.6902,1549.7797647058824,364205.17,57.0,13.0,44.0,407.26,511.75,81.37,0.73,11,27.599999999999994,2.230769230769231
268,1129061000,성북구,보문동,104,4732,2.198,11345332.9474,10001266.4449,9729877.5949,10481420.484100001,7365589.5681,1549.7797647058824,364205.17,102.0,2.0,100.0,337.42,507.02,121.04,0.56,11,27.599999999999994,52.0
269,1129055500,성북구,삼선동,136,5704,2.384,24718967.2674,17236684.863,17695727.3997,17249521.5773,10463447.2489,1549.7797647058824,364205.17,110.0,6.0,104.0,370.24,592.85,158.36,0.92,20,27.599999999999994,22.666666666666668
270,1129081000,성북구,석관동,124,9698,1.279,15430148.6859,14197236.3045,15823385.6945,17008095.7817,13955402.4406,1549.7797647058824,364205.17,121.0,3.0,118.0,746.78,917.62,319.21,1.73,19,27.599999999999994,41.333333333333336
271,1129052500,성북구,성북동,70,4750,1.474,12516773.229,13211441.0342,14345855.162800001,14354892.8751,10418730.6033,195.24823529411765,364205.17,28.0,5.0,23.0,829.24,1404.64,215.19,2.86,25,27.599999999999994,14.0
272,1129060000,성북구,안암동,34,2995,1.135,54943504.9048,17722501.8298,14023404.7218,13806359.6187,8937010.5341,1549.7797647058824,364205.17,25.0,3.0,22.0,417.85,714.97,204.07,1.33,10,27.599999999999994,11.333333333333334
273,1129071500,성북구,월곡1동,75,7532,0.996,14663873.6502,13943241.1995,16201217.3879,15763219.648500001,10990399.8803,1549.7797647058824,364205.17,158.0,0.0,158.0,258.7,603.83,204.68,0.81,16,27.599999999999994,75.0
274,1129072500,성북구,월곡2동,88,5114,1.721,17095994.7561,13568037.282,13884151.4961,15223465.2825,10490167.821,1378.7670588235294,364205.17,110.0,3.0,107.0,467.86,865.64,247.63,1.36,15,27.599999999999994,29.333333333333332
275,1129076000,성북구,장위1동,124,6458,1.92,10135368.2683,11743764.4635,13568264.4448,13818804.2931,10756224.537800001,1549.7797647058824,364205.17,33.0,4.0,29.0,597.49,718.96,273.4,0.7,17,27.599999999999994,31.0
276,1129077000,성북구,장위2동,31,3156,0.982,6499883.7101,6904957.0798,7296345.732,8972195.5576,7433998.8795,2218.0529411764705,364205.17,17.0,2.0,15.0,462.31,625.32,368.32,0.67,13,27.599999999999994,15.5
277,1129078000,성북구,장위3동,97,5150,1.883,4860101.4376,4429988.3052,5075769.948,5052900.3663,4011953.2483,1549.7797647058824,364205.17,113.0,5.0,108.0,404.0,818.13,113.2,0.65,6,27.599999999999994,19.4
278,1129062000,성북구,정릉1동,183,6140,2.98,5947195.101,6684929.9661,9390266.8509,8150105.3154,5777547.9837,1549.7797647058824,364205.17,89.0,1.0,88.0,367.89,947.85,64.55,0.44,7,27.599999999999994,183.0
279,1129063000,성북구,정릉2동,93,6453,1.441,9681389.9878,10147878.7489,11099503.2054,11655974.4488,8917982.2752,1549.7797647058824,364205.17,87.0,0.0,87.0,403.6,812.47,215.47,1.17,9,27.599999999999994,93.0
280,1129064000,성북구,정릉3동,39,3549,1.099,25688866.1282,7665860.9079,7847624.4918,8480591.5212,6046847.1635,2831.5917647058823,364205.17,14.0,5.0,9.0,669.24,1429.78,286.5,3.71,17,27.599999999999994,7.8
281,1129065000,성북구,정릉4동,129,7190,1.794,10600445.4337,8417205.0,10201243.5164,10271046.7316,8462460.4218,1549.7797647058824,364205.17,169.0,35.0,134.0,1273.93,2116.15,580.76,3.13,8,27.599999999999994,3.6857142857142855
282,1129070500,성북구,종암동,158,10607,1.49,26262262.935,19042437.5829,22826683.4164,23555530.302,16632023.9547,1549.7797647058824,364205.17,271.0,1.0,270.0,392.34,744.78,118.72,1.46,17,27.599999999999994,158.0
283,1171063100,송파구,가락1동,333,11776,2.828,11658812.048,22127525.99,22731529.0335,20509696.3112,17361996.482,1345.380705882353,867568.5207385893,143.0,17.0,126.0,466.68,601.13,97.5,1.34,0,36.58,19.58823529411765
284,1171063200,송파구,가락2동,148,10747,1.377,11909746.456,14698495.4897,17269529.5569,16491064.5594,13598875.5081,1345.380705882353,867568.5207385893,106.0,6.0,100.0,223.03,480.93,154.65,0.96,27,36.58,24.666666666666668
285,1171062000,송파구,가락본동,171,12941,1.321,21104696.8075,30241080.9468,29670256.0125,27799342.0799,18966280.3197,1345.380705882353,867568.5207385893,153.0,5.0,148.0,407.91,854.44,63.89,1.13,26,36.58,34.2
286,1171053100,송파구,거여1동,61,4111,1.484,5550584.0401,7110406.1096,8334448.3158,8830623.8953,6786899.6379,1345.380705882353,867568.5207385893,20.0,7.0,13.0,318.94,519.78,181.4,0.51,18,36.58,8.714285714285714
287,1171053200,송파구,거여2동,175,7698,2.273,6933635.8489,10171152.6831,11383837.4941,11279145.2437,9327653.6002,1345.380705882353,867568.5207385893,96.0,4.0,92.0,296.84,466.27,73.71,0.53,15,36.58,43.75
288,1171054000,송파구,마천1동,71,5757,1.233,4227802.1385,5456184.3515,6575080.1612,7752997.2447,6094511.5602,1345.380705882353,867568.5207385893,30.0,9.0,21.0,215.38,528.42,46.44,0.58,26,36.58,7.888888888888889
289,1171055000,송파구,마천2동,105,5526,1.9,5688949.7318,7404254.3588,8456316.1351,10149616.8238,9188936.4937,1345.380705882353,867568.5207385893,45.0,6.0,39.0,520.89,785.87,45.0,0.89,28,36.58,17.5
290,1171064100,송파구,문정1동,199,11147,1.785,13082854.6259,17129121.831,15632642.3449,12739828.3699,10030543.22,1345.380705882353,867568.5207385893,82.0,6.0,76.0,339.18,534.74,156.17,0.56,21,36.58,33.166666666666664
291,1171064200,송파구,문정2동,322,14813,2.174,37125289.742,56642600.4985,51140852.7276,36354454.931,19344251.5995,1558.014705882353,867568.5207385893,299.0,30.0,269.0,487.16,1253.48,76.68,2.2,1,36.58,10.733333333333333
292,1171056100,송파구,방이1동,95,6655,1.427,9000149.4308,10970833.9364,12900618.099,11341519.0013,8606664.4393,1345.380705882353,867568.5207385893,30.0,2.0,28.0,240.93,440.62,144.07,0.5,23,36.58,47.5
293,1171056200,송파구,방이2동,126,7819,1.611,29635653.3507,36689260.4874,29482789.7563,23439245.814600002,15571584.9868,1345.380705882353,867568.5207385893,37.0,3.0,34.0,421.34,586.82,33.05,0.8,30,36.58,42.0
294,1171061000,송파구,삼전동,149,8660,1.721,15871931.1712,22956416.8564,19233909.326,15442627.225300001,11199414.6537,1345.380705882353,867568.5207385893,27.0,12.0,15.0,357.94,620.85,133.5,0.95,28,36.58,12.416666666666666
295,1171060000,송파구,석촌동,147,9566,1.537,17064755.4498,23992783.365,20435392.8827,15983955.5088,12196511.9072,1345.380705882353,867568.5207385893,36.0,2.0,34.0,291.12,553.22,71.69,0.95,41,36.58,73.5
296,1171058000,송파구,송파1동,93,7578,1.227,22806233.429,25445501.9395,20285845.922,16918569.775200002,12593865.0233,1345.380705882353,867568.5207385893,25.0,10.0,15.0,333.59,523.86,93.58,0.79,29,36.58,9.3
297,1171059000,송파구,송파2동,94,6607,1.423,7406283.7202,10207435.3577,10991486.0872,9591596.1604,7916658.3439,1503.2129411764706,867568.5207385893,125.0,1.0,124.0,236.76,281.65,57.82,0.53,8,36.58,94.0
298,1171057000,송파구,오금동,216,14122,1.53,15619241.8768,20364456.3317,24038525.3755,24784790.8927,19287508.6089,1345.380705882353,867568.5207385893,72.0,2.0,70.0,522.87,890.46,328.4,1.65,29,36.58,108.0
299,1171056600,송파구,오륜동,83,6636,1.251,14863600.6065,14054695.8344,15612947.0274,14238383.1809,11487446.7898,1345.380705882353,867568.5207385893,68.0,22.0,46.0,895.53,1197.63,403.08,3.17,0,36.58,3.772727272727273
300,1171064700,송파구,위례동,450,15892,2.832,15478772.8806,27624843.1316,31675117.9391,21898723.0128,14522410.0078,1345.380705882353,867568.5207385893,408.0,19.0,389.0,533.22,1790.48,175.14,2.55,0,36.58,23.68421052631579
301,1171067000,송파구,잠실2동,273,12315,2.217,15195339.6248,16653213.629,26290443.0453,17663848.6585,10661171.9339,1345.380705882353,867568.5207385893,285.0,4.0,281.0,922.49,1135.02,294.31,2.18,0,36.58,68.25
302,1171068000,송파구,잠실3동,231,12249,1.886,32680031.4707,36306741.898,40270596.0396,28206028.7444,19939923.943,1345.380705882353,867568.5207385893,242.0,4.0,238.0,574.85,722.94,235.39,1.49,3,36.58,57.75
303,1171069000,송파구,잠실4동,218,8795,2.479,7801344.0281,10173739.2039,14099683.65,10231166.633,7689868.0642,1345.380705882353,867568.5207385893,35.0,1.0,34.0,307.16,482.48,281.34,1.56,0,36.58,218.0
304,1171071000,송파구,잠실6동,155,7162,2.164,48006545.5291,58442189.8244,49622985.4691,33526272.6864,20058961.0875,1618.019411764706,867568.5207385893,251.0,35.0,216.0,585.93,806.69,310.15,2.79,6,36.58,4.428571428571429
305,1171072000,송파구,잠실7동,57,3598,1.584,4908837.8049,5635337.1891,6802962.2082,5803805.4811,4412098.5052,727.7741176470588,867568.5207385893,24.0,0.0,24.0,158.75,251.98,145.43,0.6,2,36.58,57.0
306,1171065000,송파구,잠실본동,120,8871,1.353,24543689.5007,29404528.768600002,27323379.9773,21347789.8704,15085349.6128,1345.380705882353,867568.5207385893,26.0,6.0,20.0,410.69,614.32,58.48,0.94,34,36.58,20.0
307,1171064600,송파구,장지동,311,11023,2.821,15175607.0141,22255561.616,22792327.2253,19318462.3822,14758093.8055,1345.380705882353,867568.5207385893,126.0,21.0,105.0,402.89,689.07,74.73,1.37,19,36.58,14.80952380952381
308,1171051000,송파구,풍납1동,68,4072,1.67,7006864.4138,9205610.8784,9588641.1658,9631302.0043,8964076.9573,1319.8823529411766,867568.5207385893,39.0,6.0,33.0,286.06,687.58,191.22,0.77,50,36.58,11.333333333333334
309,1171052000,송파구,풍납2동,131,7786,1.683,21217536.1927,27499700.8738,29849806.5368,26604063.0612,19224014.7133,1345.380705882353,867568.5207385893,363.0,10.0,353.0,529.66,883.41,154.97,1.59,37,36.58,13.1
310,1147051000,양천구,목1동,245,11654,2.102,25520227.4089,29405662.5923,41348445.5419,30362239.0538,17603654.8044,1748.414588235294,513545.77358191507,275.0,20.0,255.0,367.75,932.96,69.52,1.41,14,28.239999999999995,12.25
311,1147052000,양천구,목2동,104,8573,1.213,11351824.1306,14353353.9302,13270063.8168,12566909.7296,9497165.5349,1748.414588235294,513545.77358191507,43.0,5.0,38.0,505.02,734.05,125.03,1.03,31,28.239999999999995,20.8
312,1147053000,양천구,목3동,80,6360,1.258,8981366.4821,12550076.116700001,12252158.8231,11721188.5165,9263322.9692,1748.414588235294,513545.77358191507,57.0,4.0,53.0,286.05,475.07,45.87,0.53,8,28.239999999999995,20.0
313,1147054000,양천구,목4동,75,7330,1.023,7606337.0702,7605164.9192,11050648.2166,10619108.6111,6763555.1551,1748.414588235294,513545.77358191507,24.0,0.0,24.0,363.1,414.29,216.67,0.57,29,28.239999999999995,75.0
314,1147055000,양천구,목5동,204,14586,1.399,13585778.4774,14706931.1908,28044770.8273,20562894.7136,13463539.2449,1748.414588235294,513545.77358191507,175.0,5.0,170.0,266.22,1178.61,11.26,1.81,9,28.239999999999995,40.8
315,1147056000,양천구,신월1동,118,7863,1.501,5783386.8892,8723613.6814,9292175.5609,9784838.9327,8640950.5713,1748.414588235294,513545.77358191507,51.0,2.0,49.0,382.14,714.09,80.09,0.65,83,28.239999999999995,59.0
316,1147057000,양천구,신월2동,104,7002,1.485,5227940.4855,7397694.1868,8123866.9341,7365646.6358,6363453.3885,1748.414588235294,513545.77358191507,34.0,2.0,32.0,367.26,596.81,64.13,0.61,56,28.239999999999995,52.0
317,1147058000,양천구,신월3동,73,5901,1.237,5848230.2994,7978382.0978,8439895.484,9837920.241,7985372.8443,725.1458823529412,513545.77358191507,15.0,6.0,9.0,497.02,907.28,216.57,0.87,30,28.239999999999995,12.166666666666666
318,1147059000,양천구,신월4동,78,6397,1.219,3818072.8334,5647497.4745,7227781.7651,6265735.6515,5404799.1375,2148.2658823529414,513545.77358191507,79.0,21.0,58.0,245.28,412.38,105.45,0.52,27,28.239999999999995,3.7142857142857144
319,1147060000,양천구,신월5동,66,4473,1.476,5367180.769,7099289.7317,7541132.6258,7308249.0933,6070155.844,1384.004705882353,513545.77358191507,25.0,5.0,20.0,359.0,469.94,126.38,0.69,39,28.239999999999995,13.2
320,1147061000,양천구,신월6동,198,6964,2.843,1874754.5189,3077151.7709,3431170.9925,3277411.5777,2676345.4088,1748.414588235294,513545.77358191507,18.0,1.0,17.0,323.03,429.76,130.52,0.41,15,28.239999999999995,198.0
321,1147061100,양천구,신월7동,77,6074,1.268,5611545.8085,7747111.5658,9372197.9332,9952990.0185,8826881.4673,3329.0435294117647,513545.77358191507,20.0,2.0,18.0,458.18,697.43,229.82,1.19,6,28.239999999999995,38.5
322,1147062000,양천구,신정1동,222,8208,2.705,6925454.6485,7949321.0836000005,12267071.7572,10313415.6616,7331199.627,1748.414588235294,513545.77358191507,33.0,4.0,29.0,400.05,511.97,341.96,0.7,3,28.239999999999995,55.5
323,1147063000,양천구,신정2동,98,6192,1.583,5399762.6381,5795503.5422,9901917.2207,8659767.2965,5509975.6888,1748.414588235294,513545.77358191507,41.0,0.0,41.0,256.91,421.82,27.53,0.52,24,28.239999999999995,98.0
324,1147064000,양천구,신정3동,271,16355,1.657,15641311.6361,19959111.8839,25425195.8568,23933169.2744,18500634.5627,1748.414588235294,513545.77358191507,194.0,20.0,174.0,854.22,1443.46,42.76,2.72,26,28.239999999999995,13.55
325,1147065000,양천구,신정4동,101,9029,1.119,17264467.6411,19888811.6402,22368543.6949,20466839.4874,14847543.379900001,1155.6129411764705,513545.77358191507,22.0,6.0,16.0,439.88,699.67,197.96,1.01,84,28.239999999999995,16.833333333333332
326,1147067000,양천구,신정6동,149,8803,1.693,6884137.5558,8762304.9246,14441093.5836,11077041.2969,7623960.3324,1748.414588235294,513545.77358191507,149.0,9.0,140.0,603.47,781.61,303.13,0.96,6,28.239999999999995,16.555555555555557
327,1147068000,양천구,신정7동,116,9269,1.251,7839575.8432,9126283.9603,14219325.8752,12920729.5402,9901402.431,1748.414588235294,513545.77358191507,107.0,5.0,102.0,325.42,750.19,152.54,1.21,7,28.239999999999995,23.2
328,1156055000,영등포구,당산1동,149,8065,1.847,18679407.7101,25621951.3231,22015444.8659,19757109.1289,12723677.1554,1413.0226960784314,771184.6325338932,110.0,18.0,92.0,374.48,601.77,111.48,0.75,142,67.13,8.277777777777779
329,1156056000,영등포구,당산2동,228,12702,1.795,29550097.1398,35624504.8225,28323652.8981,22165996.8972,14642275.3835,1119.8011764705882,771184.6325338932,271.0,11.0,260.0,455.21,874.84,62.17,1.55,78,67.13,20.727272727272727
330,1156070000,영등포구,대림1동,72,4773,1.508,8480137.2792,10835776.7629,11659328.069,12808106.6363,9655748.7978,1413.0226960784314,771184.6325338932,47.0,2.0,45.0,226.22,367.55,72.78,0.49,34,67.13,36.0
331,1156071000,영등포구,대림2동,39,4219,0.924,8911654.4868,13777272.8871,14970474.5341,16797786.8522,12302162.092,1272.110588235294,771184.6325338932,26.0,5.0,21.0,337.18,476.15,230.52,0.55,60,67.13,7.8
332,1156072000,영등포구,대림3동,136,8189,1.661,12158224.7569,17555727.6998,17795663.738,20107268.5741,15305133.9959,1413.0226960784314,771184.6325338932,81.0,8.0,73.0,633.86,848.39,184.77,0.95,527,67.13,17.0
333,1156058500,영등포구,도림동,89,5673,1.569,7243893.7645,9895480.5958,8951966.1654,9413547.4195,7374463.565,1413.0226960784314,771184.6325338932,65.0,6.0,59.0,364.7,677.83,155.28,0.89,108,67.13,14.833333333333334
334,1156060500,영등포구,문래동,209,14031,1.49,28469598.3406,40521849.7233,40023524.354,30201112.0654,18618889.2369,2191.3611764705884,771184.6325338932,227.0,26.0,201.0,543.8,800.99,111.49,1.49,165,67.13,8.038461538461538
335,1156063000,영등포구,신길1동,76,5529,1.375,11731214.074000001,13291813.7995,12031927.1213,11497951.2431,9181006.9594,1413.0226960784314,771184.6325338932,56.0,4.0,52.0,424.9,723.63,53.7,0.66,84,67.13,19.0
336,1156065000,영등포구,신길3동,49,4964,0.987,5247711.7375,7214694.431,7367013.7416,8608334.0582,6742583.7999,1413.0226960784314,771184.6325338932,37.0,1.0,36.0,348.53,413.23,180.08,0.52,97,67.13,49.0
337,1156066000,영등포구,신길4동,56,3722,1.505,3488578.3709,5007158.3765,5149239.7545,5292731.8877,4390345.8016,1413.0226960784314,771184.6325338932,11.0,2.0,9.0,247.03,344.49,110.78,0.38,48,67.13,28.0
338,1156067000,영등포구,신길5동,57,3265,1.746,3914403.2811,6554096.1417,7532974.9377,7146986.3775,6056584.8373,1413.0226960784314,771184.6325338932,38.0,0.0,38.0,338.01,453.37,206.07,0.47,126,67.13,57.0
339,1156068000,영등포구,신길6동,66,4921,1.341,9510147.2899,12084747.0132,12843032.7869,11837691.5592,8390451.7031,1413.0226960784314,771184.6325338932,35.0,6.0,29.0,417.11,637.28,113.78,0.65,55,67.13,11.0
340,1156069000,영등포구,신길7동,125,6820,1.833,9307980.7684,10744822.8602,11589415.306400001,10193696.874400001,7337483.8799,1413.0226960784314,771184.6325338932,91.0,3.0,88.0,234.49,514.35,55.22,0.64,70,67.13,41.666666666666664
341,1156061000,영등포구,양평1동,120,9584,1.252,12295197.3372,18527877.4225,17176299.9894,12888504.6749,7631699.359,1122.689411764706,771184.6325338932,154.0,23.0,131.0,340.01,631.71,67.23,0.88,109,67.13,5.217391304347826
342,1156062000,영등포구,양평2동,370,12114,3.054,21469124.7759,32542156.6367,27028815.2213,20021263.5079,11602876.0165,1413.0226960784314,771184.6325338932,174.0,14.0,160.0,503.91,1112.27,37.17,3.0,58,67.13,26.428571428571427
343,1156054000,영등포구,여의동,676,18710,3.613,110379001.1394,166928787.8942,143547345.0645,89127199.1892,38307422.3577,1417.6285294117647,771184.6325338932,382.0,83.0,299.0,762.24,1452.8,203.82,8.4,26,67.13,8.144578313253012
344,1156053500,영등포구,영등포동,202,10976,1.84,51828398.0728,60828870.6736,47202971.9471,39334824.1911,27213148.104,1354.545294117647,771184.6325338932,167.0,42.0,125.0,640.15,1158.87,154.17,1.26,106,67.13,4.809523809523809
345,1156051500,영등포구,영등포본동,115,6374,1.804,12986798.4154,14331610.5061,12533124.0866,13269555.372200001,10109294.134300001,1413.0226960784314,771184.6325338932,99.0,2.0,97.0,616.55,743.19,70.04,1.02,91,67.13,57.5
346,1117053000,용산구,남영동,55,2767,1.988,19487585.6522,22429266.3922,18971505.093200002,15722155.9487,9955721.8545,1274.7275,322749.5945019549,73.0,14.0,59.0,947.51,1115.14,80.78,1.19,20,44.38,3.9285714285714284
347,1117070000,용산구,보광동,35,2393,1.463,6237136.819,7914396.5601,7989946.0515,7014930.6126,4705399.4167,1274.7275,322749.5945019549,26.0,0.0,26.0,344.4,547.27,106.86,0.71,23,44.38,35.0
348,1117069000,용산구,서빙고동,78,4743,1.645,8645860.4096,11881758.3956,14013642.6082,12038147.492,7838815.6499,1274.7275,322749.5945019549,40.0,5.0,35.0,698.57,1063.45,243.0,2.8,23,44.38,15.6
349,1117059000,용산구,용문동,48,3331,1.441,4020825.1194,5374188.5281,5168066.98,5119459.4831,4029452.1968,1274.7275,322749.5945019549,171.0,0.0,171.0,319.96,325.73,125.94,0.28,8,44.38,48.0
350,1117052000,용산구,용산2가동,29,2074,1.398,9891308.5957,11217778.7957,9323460.666,6511656.9075,4932540.4303,674.0564705882352,322749.5945019549,5.0,0.0,5.0,411.14,672.35,191.71,1.96,25,44.38,29.0
351,1117056000,용산구,원효로1동,170,6403,2.655,14727672.2617,21743165.3076,18119068.5878,13535795.16,8162591.3992,1274.7275,322749.5945019549,239.0,6.0,233.0,188.37,591.17,66.73,0.59,29,44.38,28.333333333333332
352,1117057000,용산구,원효로2동,79,4820,1.639,8199415.048,12024559.3212,11537109.647,9750577.8298,7261534.6786,1274.7275,322749.5945019549,73.0,1.0,72.0,322.09,819.6,80.91,0.71,13,44.38,79.0
353,1117063000,용산구,이촌1동,219,8944,2.449,10560163.6776,14986139.4272,19513271.8746,17400458.7209,12430525.1631,2511.561176470588,322749.5945019549,129.0,4.0,125.0,532.1,854.56,240.53,2.86,9,44.38,54.75
354,1117064000,용산구,이촌2동,54,2678,2.016,4608515.5751,6312062.005,6125034.7022,5478824.2844,4335093.3044,1274.7275,322749.5945019549,4.0,1.0,3.0,367.22,378.44,333.55,1.22,12,44.38,54.0
355,1117065000,용산구,이태원1동,100,2371,4.218,12003065.1866,13006339.0737,9855355.0847,7638443.5868,4750281.2022,1274.7275,322749.5945019549,28.0,2.0,26.0,259.43,374.46,158.02,0.57,19,44.38,50.0
356,1117066000,용산구,이태원2동,61,2625,2.324,8267689.2802,11052757.9287,9472920.6827,6013393.4018,4018160.6501,387.05882352941177,322749.5945019549,19.0,3.0,16.0,336.76,711.41,140.92,0.86,15,44.38,20.333333333333332
357,1117055500,용산구,청파동,49,4217,1.162,25652081.9702,18355233.1776,15710125.1239,13753566.2429,8829276.7826,1274.7275,322749.5945019549,4.0,2.0,2.0,474.8,571.52,356.19,0.9,32,44.38,24.5
358,1117062500,용산구,한강로동,310,12253,2.53,62695912.0375,73642725.801,57680124.6143,39853251.9395,21706091.2732,1274.7275,322749.5945019549,500.0,75.0,425.0,413.62,1002.39,68.67,2.9,64,44.38,4.133333333333334
359,1117068500,용산구,한남동,211,6888,3.063,31007199.5459,39773902.1318,31994915.5537,22625678.7235,13259021.5288,1526.2335294117647,322749.5945019549,129.0,16.0,113.0,512.78,1104.99,132.58,3.01,46,44.38,13.1875
360,1117058000,용산구,효창동,55,3353,1.64,5964501.3220999995,6449723.7293,6189084.559,5490614.026,4062167.5145,1274.7275,322749.5945019549,28.0,6.0,22.0,419.89,528.4,76.3,0.44,23,44.38,9.166666666666666
361,1117051000,용산구,후암동,92,3999,2.301,6546279.6069,9335410.1248,8828901.8205,7937637.7344,5955587.4617,1274.7275,322749.5945019549,7.0,0.0,7.0,338.78,420.86,86.05,0.86,26,44.38,92.0
362,1138055100,은평구,갈현1동,43,3909,1.1,12642627.2552,12034772.6783,12160550.7625,13014963.484,10488138.041100001,1098.967843137255,411993.2418565525,17.0,0.0,17.0,404.03,495.36,295.67,0.97,6,48.45,43.0
363,1138055200,은평구,갈현2동,85,7414,1.146,11116378.0624,11230304.9146,14268859.906200001,13277745.4897,10012698.6404,1098.967843137255,411993.2418565525,23.0,0.0,23.0,385.18,795.68,168.17,0.96,10,48.45,85.0
364,1138056000,은평구,구산동,173,9197,1.881,10365575.673,11266631.4412,13843837.6574,13944154.6426,10900428.9204,879.0223529411765,411993.2418565525,96.0,2.0,94.0,336.59,723.01,143.97,1.38,11,48.45,86.5
365,1138051000,은평구,녹번동,204,10403,1.961,16641176.2021,20910966.5992,21853513.1669,22680507.651,16854538.1475,1098.967843137255,411993.2418565525,157.0,18.0,139.0,441.61,1256.26,147.37,1.79,10,48.45,11.333333333333334
366,1138057000,은평구,대조동,72,6126,1.175,26902125.0275,32748146.5189,32095777.674,30822319.9822,23597323.4563,1098.967843137255,411993.2418565525,57.0,3.0,54.0,431.92,711.91,276.07,0.85,9,48.45,24.0
367,1138052000,은평구,불광1동,125,10364,1.206,11790711.0754,13408946.746,15669776.663900001,16926767.6635,14624937.3192,1098.967843137255,411993.2418565525,73.0,2.0,71.0,664.41,1197.95,306.55,3.13,10,48.45,62.5
368,1138053000,은평구,불광2동,68,6482,1.049,9691447.379900001,10514498.8969,11429516.0242,12962741.4217,11231344.5224,1098.967843137255,411993.2418565525,46.0,4.0,42.0,512.12,740.85,153.73,1.38,11,48.45,17.0
369,1138065000,은평구,수색동,152,7360,2.065,7361439.204,9868380.7267,9643295.411700001,9299826.8559,6489812.8954,1080.0058823529412,411993.2418565525,104.0,47.0,57.0,727.22,1138.26,200.51,1.29,5,48.45,3.234042553191489
370,1138063100,은평구,신사1동,159,8154,1.95,11242362.9719,13130486.0643,14734260.997200001,13738647.452,11349018.4755,1098.967843137255,411993.2418565525,109.0,2.0,107.0,205.56,545.68,97.64,0.84,7,48.45,79.5
371,1138063200,은평구,신사2동,168,6102,2.753,5163378.0015,6448556.9314,7635701.7765,7087394.5278,6364461.032,1098.967843137255,411993.2418565525,46.0,16.0,30.0,262.56,555.72,43.34,1.0,6,48.45,10.5
372,1138062500,은평구,역촌동,137,11867,1.154,20464329.1462,23237555.9541,27292290.1015,26642405.2177,19526543.7407,1098.967843137255,411993.2418565525,26.0,1.0,25.0,570.76,783.18,215.39,1.16,18,48.45,137.0
373,1138058000,은평구,응암1동,138,9522,1.449,10612657.7762,14421729.8049,15666369.2332,13432269.6625,9601782.0443,1098.967843137255,411993.2418565525,58.0,5.0,53.0,495.78,931.23,29.68,1.2,9,48.45,27.6
374,1138059000,은평구,응암2동,157,8893,1.765,5055631.5126,8964888.8954,11751221.1706,7998264.4529,5957264.977,1098.967843137255,411993.2418565525,386.0,4.0,382.0,333.98,637.29,160.09,0.78,7,48.45,39.25
375,1138060000,은평구,응암3동,86,5612,1.532,12001353.4209,14005871.6005,16327201.0278,16154900.8644,13328958.6799,1098.967843137255,411993.2418565525,24.0,1.0,23.0,558.64,842.32,375.52,0.63,13,48.45,86.0
376,1138064000,은평구,증산동,90,5817,1.547,7320278.2261,9144048.469,9102356.6858,9373530.5383,7587696.2295,1337.8752941176472,411993.2418565525,32.0,2.0,30.0,484.92,797.24,124.71,0.81,11,48.45,45.0
377,1138069000,은평구,진관동,335,17816,1.88,25992003.213,30162947.0425,41295662.7097,35113594.1043,26194377.4377,1098.967843137255,411993.2418565525,684.0,63.0,621.0,1582.14,2722.68,161.27,11.53,2,48.45,5.317460317460317
378,1111060000,종로구,가회동,30,1203,2.494,6317925.8621,8005095.8251,7799371.0495,5997664.57,3030248.4741,876.7108823529411,370913.84,9.0,4.0,5.0,391.8,646.7,94.64,0.54,10,58.99,7.5
379,1111058000,종로구,교남동,70,2885,2.426,3874341.6409,5122927.5051,6107605.4419,5491700.1038,3558538.4063,1315.035294117647,370913.84,154.0,1.0,153.0,181.6,515.7,51.6,0.35,6,58.99,70.0
380,1111057000,종로구,무악동,53,2849,1.86,2957632.4964,3227279.4469,3865261.8021,3954437.2727,3460179.7397,876.7108823529411,370913.84,43.0,3.0,40.0,311.67,471.27,162.73,0.36,1,58.99,17.666666666666668
381,1111055000,종로구,부암동,59,3041,1.94,9410402.7608,7183339.3018,9312039.6162,9298409.6119,6835781.4233,876.7108823529411,370913.84,11.0,1.0,10.0,515.53,814.67,235.36,2.27,11,58.99,59.0
382,1111053000,종로구,사직동,320,7800,4.103,26448472.5645,36328823.2795,34931071.4509,26103490.9411,13538518.2815,909.2517647058824,370913.84,291.0,18.0,273.0,288.13,730.88,43.11,1.23,18,58.99,17.77777777777778
383,1111054000,종로구,삼청동,20,795,2.516,6877738.5442,6778118.6066,6636007.889,5492587.7656,3355767.5628,876.7108823529411,370913.84,10.0,2.0,8.0,1023.41,1045.61,934.6,1.49,17,58.99,10.0
384,1111070000,종로구,숭인1동,23,1570,1.465,4412913.1775,4909188.3746,4962785.3836,6162835.2656,4776154.363,876.7108823529411,370913.84,15.0,1.0,14.0,351.51,490.87,134.24,0.23,5,58.99,23.0
385,1111071000,종로구,숭인2동,28,2338,1.198,9172392.8646,8676203.8787,8881442.6413,11188884.1446,9049433.0369,1032.8670588235293,370913.84,31.0,0.0,31.0,287.17,325.92,85.1,0.35,6,58.99,28.0
386,1111064000,종로구,이화동,37,1683,2.198,33818538.864,30779487.9908,26257712.3749,22586321.4398,11904972.8906,661.9564705882353,370913.84,44.0,9.0,35.0,258.76,546.03,58.27,0.78,15,58.99,4.111111111111111
387,1111061500,종로구,종로1.2.3.4가동,279,6423,4.344,80029879.82880001,92389226.0028,89954224.1592,74291028.2551,44801291.3196,946.5,370913.84,198.0,25.0,173.0,743.06,1138.6,58.9,2.35,20,58.99,11.16
388,1111063000,종로구,종로5.6가동,59,2021,2.919,15693288.707,17538614.3367,18805010.7938,21292539.1116,15447984.644,876.7108823529411,370913.84,28.0,6.0,22.0,353.05,497.49,277.56,0.6,6,58.99,9.833333333333334
389,1111067000,종로구,창신1동,12,1146,1.047,5499034.1858,5564205.5911,6225914.8768,8213083.0162,6930833.4958,876.7108823529411,370913.84,9.0,5.0,4.0,265.82,306.12,202.19,0.31,5,58.99,2.4
390,1111068000,종로구,창신2동,15,1418,1.058,5070017.0635,4195033.9486,4706565.3957,8225468.9736,5814732.1101,876.7108823529411,370913.84,0.0,0.0,0.0,0.0,0.0,0.0,0.26,9,58.99,15.0
391,1111069000,종로구,창신3동,22,1666,1.321,2056851.4588,2433370.5396,2604982.2935,2863272.1975,2229551.5502,876.7108823529411,370913.84,15.0,3.0,12.0,198.59,273.48,160.27,0.23,5,58.99,7.333333333333333
392,1111051500,종로구,청운효자동,62,3327,1.864,13339658.9215,13527252.0914,14596542.5226,12437624.7674,8232479.0321,507.7670588235294,370913.84,14.0,5.0,9.0,214.04,400.4,80.2,2.57,16,58.99,12.4
393,1111056000,종로구,평창동,179,6520,2.745,7709439.0948,7866996.8142,10808138.5512,12959425.446800001,10611138.4703,818.2470588235294,370913.84,34.0,2.0,32.0,975.32,1698.6,174.61,8.87,23,58.99,89.5
394,1111065000,종로구,혜화동,58,3588,1.616,54781835.748,20142964.307,18346714.1394,16423369.5464,9743820.5973,822.0623529411764,370913.84,26.0,8.0,18.0,307.91,606.65,144.74,1.12,14,58.99,7.25
395,1114059000,중구,광희동,105,2934,3.579,27811822.3234,31097524.4984,27798819.4317,24712026.9257,15361815.3936,860.4546078431372,506470.84489220136,90.0,17.0,73.0,446.95,757.12,137.45,0.74,13,39.71,6.176470588235294
396,1114062500,중구,다산동,59,3316,1.779,10160023.1516,12912187.3782,11640592.0504,10047841.6976,7381267.8853,860.4546078431372,506470.84489220136,16.0,9.0,7.0,446.64,751.03,46.92,0.51,20,39.71,6.555555555555555
397,1114066500,중구,동화동,28,2941,0.952,5878585.6787,7545952.4017,7602037.765,8387163.7077,6173305.1211,860.4546078431372,506470.84489220136,33.0,2.0,31.0,226.13,415.94,79.52,0.26,6,39.71,14.0
398,1114055000,중구,명동,321,6427,4.995,55687983.976,75388090.9013,67097698.0488,42069504.1923,18492641.5907,839.9770588235294,506470.84489220136,203.0,50.0,153.0,454.58,847.79,119.92,0.99,10,39.71,6.42
399,1114052000,중구,소공동,288,3377,8.528,37156189.0449,54445494.934200004,50293802.1737,34713513.4584,15054569.043,821.1494117647059,506470.84489220136,200.0,26.0,174.0,402.88,646.93,16.93,0.95,6,39.71,11.076923076923077
400,1114065000,중구,신당5동,50,2975,1.681,4781892.7529,5717632.6409,5365395.9135,6069440.146,4492437.9782,860.4546078431372,506470.84489220136,61.0,0.0,61.0,233.61,266.42,172.07,0.39,8,39.71,50.0
401,1114061500,중구,신당동,49,2897,1.691,15076996.7217,21009467.2585,19468719.325600002,18126458.7203,12284750.0327,860.4546078431372,506470.84489220136,50.0,8.0,42.0,278.63,550.53,92.3,0.55,15,39.71,6.125
402,1114063500,중구,약수동,87,4683,1.858,6701362.0578,9853166.9704,9595235.4564,8597945.8979,7220814.4042,1202.1035294117646,506470.84489220136,19.0,4.0,15.0,434.34,556.8,275.99,0.48,3,39.71,21.75
403,1114060500,중구,을지로동,50,2054,2.434,17450098.0793,24205653.9621,25221673.1698,24915219.3948,14976727.269,860.4546078431372,506470.84489220136,26.0,10.0,16.0,582.71,660.48,11.32,0.6,10,39.71,5.0
404,1114058000,중구,장충동,38,1300,2.923,17826828.6406,14130457.128,12656335.6532,10666902.7036,6415732.5584,996.0952941176472,506470.84489220136,34.0,11.0,23.0,526.37,881.61,242.68,1.36,13,39.71,3.4545454545454546
405,1114068000,중구,중림동,112,3909,2.865,6024154.5027,9482261.7099,9371139.7757,7615305.5006,4488999.9539,860.4546078431372,506470.84489220136,218.0,0.0,218.0,296.8,437.04,91.99,0.48,9,39.71,112.0
406,1114064500,중구,청구동,66,3546,1.861,4895743.651,7010119.9523,6493648.2381,6309392.4538,4848153.7494,860.4546078431372,506470.84489220136,166.0,0.0,166.0,221.45,303.44,35.73,0.34,12,39.71,66.0
407,1114057000,중구,필동,56,2271,2.466,20380956.491,14664027.2501,14059769.3507,13294819.4637,7043103.9671,860.4546078431372,506470.84489220136,18.0,4.0,14.0,392.6,623.97,193.98,1.14,25,39.71,14.0
408,1114067000,중구,황학동,68,3545,1.918,8298953.022,11679909.7397,9533987.633200001,9050191.8434,6908543.6619,843.2329411764706,506470.84489220136,89.0,4.0,85.0,279.28,317.37,121.26,0.33,2,39.71,17.0
409,1114054000,중구,회현동,1068,7673,13.919,29009180.5586,47326204.022,45748279.5258,34397461.1098,20563682.8535,460.1694117647059,506470.84489220136,107.0,24.0,83.0,399.83,617.83,182.69,0.84,18,39.71,44.5
410,1126066000,중랑구,망우3동,161,5467,2.945,4915918.6683,5490621.1048,5986666.1751,7671311.2386,6435783.4777,1709.949411764706,350825.8,4.0,2.0,2.0,665.63,817.99,427.56,0.92,50,41.67,80.5
411,1126065500,중랑구,망우본동,343,12260,2.798,19291719.6156,26144311.075,27154032.2668,28485814.6209,23798821.064600002,1709.949411764706,350825.8,145.0,21.0,124.0,509.84,1444.49,120.89,3.03,61,41.67,16.333333333333332
412,1126052000,중랑구,면목2동,155,7481,2.072,8469276.2457,10862197.964300001,12194828.7245,14606297.2091,10420825.444600001,1709.949411764706,350825.8,54.0,19.0,35.0,444.61,626.36,85.93,0.77,33,41.67,8.157894736842104
413,1126057500,중랑구,면목3.8동,97,6308,1.538,12264242.1922,12070422.2393,12979460.7748,14407841.3069,10983152.4,1709.949411764706,350825.8,50.0,4.0,46.0,533.76,1196.72,167.46,1.63,50,41.67,24.25
414,1126054000,중랑구,면목4동,77,5041,1.527,7136429.1309,8689383.5056,10108974.6633,10267103.4616,8282887.3881,1709.949411764706,350825.8,98.0,4.0,94.0,384.55,661.91,156.44,0.87,31,41.67,19.25
415,1126055000,중랑구,면목5동,88,4764,1.847,4881519.4335,7418412.0691,7875274.5755,8678028.3369,6430677.2052,1709.949411764706,350825.8,46.0,10.0,36.0,258.27,527.57,126.46,0.7,26,41.67,8.8
416,1126057000,중랑구,면목7동,94,5939,1.583,8049886.3189,9944814.0627,10664136.6763,12310341.9238,9782901.5041,1709.949411764706,350825.8,110.0,2.0,108.0,401.16,1027.21,86.85,1.2,30,41.67,47.0
417,1126056500,중랑구,면목본동,79,8125,0.972,14440174.9474,16200424.738,15505347.9002,19859659.3168,14628858.9993,1709.949411764706,350825.8,12.0,0.0,12.0,376.26,530.8,73.14,0.84,56,41.67,79.0
418,1126062000,중랑구,묵1동,150,10588,1.417,12342199.3601,13367232.2737,15299504.1156,15087653.499,12541765.1855,1709.949411764706,350825.8,433.0,6.0,427.0,416.07,762.02,95.2,1.2,43,41.67,25.0
419,1126063000,중랑구,묵2동,68,5583,1.218,9842316.732,11375839.0242,12036479.2825,13279200.9145,10448929.4375,1709.949411764706,350825.8,45.0,3.0,42.0,258.95,516.99,110.53,0.67,24,41.67,22.666666666666668
420,1126058000,중랑구,상봉1동,129,8023,1.608,9455606.6648,11159409.2995,11218424.384300001,11740091.2018,9835330.3013,1709.949411764706,350825.8,111.0,3.0,108.0,334.2,468.55,84.39,0.88,15,41.67,43.0
421,1126059000,중랑구,상봉2동,83,5594,1.484,19370356.1213,21170336.617,17438768.8117,19232432.5828,14498092.8881,1709.949411764706,350825.8,79.0,3.0,76.0,684.97,1096.83,208.21,0.65,34,41.67,27.666666666666668
422,1126068000,중랑구,신내1동,265,12917,2.052,14767450.23,19002522.8766,22535410.1668,22212696.6059,17001227.0693,1709.949411764706,350825.8,421.0,82.0,339.0,660.26,1546.39,61.5,2.56,20,41.67,3.231707317073171
423,1126069000,중랑구,신내2동,138,6899,2.0,7431453.5843,9585408.6745,10743993.1341,11273864.9069,9310555.6154,1709.949411764706,350825.8,95.0,6.0,89.0,465.95,668.15,177.47,0.93,5,41.67,23.0
424,1126060000,중랑구,중화1동,86,5441,1.581,6223154.7658,7732877.7727,7797224.3191,8586155.9344,7335723.325,1709.949411764706,350825.8,16.0,0.0,16.0,547.83,569.2,247.72,0.64,32,41.67,86.0
425,1126061000,중랑구,중화2동,85,6046,1.406,12587678.5706,15016477.8586,15505753.0719,19318279.3093,16170533.9332,1709.949411764706,350825.8,47.0,21.0,26.0,416.12,606.66,108.12,1.01,41,41.67,4.0476190476190474
